user_id,event_type,event_time
1,view,2025-02-21 00:00:00
1,view,2025-03-13 00:00:00
1,add_to_cart,2025-03-13 00:05:00
1,purchase,2025-03-13 00:10:00
1,view,2025-03-24 00:00:00
1,add_to_cart,2025-03-24 00:05:00
1,purchase,2025-03-24 00:10:00
2,view,2025-01-24 00:00:00
3,view,2025-01-02 00:00:00
4,view,2025-02-07 00:00:00
4,add_to_cart,2025-02-07 00:05:00
4,view,2025-02-02 00:00:00
4,add_to_cart,2025-02-02 00:05:00
5,view,2025-03-30 00:00:00
5,add_to_cart,2025-03-30 00:05:00
5,view,2025-02-11 00:00:00
5,add_to_cart,2025-02-11 00:05:00
5,view,2025-01-15 00:00:00
5,add_to_cart,2025-01-15 00:05:00
5,view,2025-02-20 00:00:00
5,add_to_cart,2025-02-20 00:05:00
6,view,2025-01-03 00:00:00
7,view,2025-01-21 00:00:00
7,add_to_cart,2025-01-21 00:05:00
7,purchase,2025-01-21 00:10:00
7,view,2025-03-30 00:00:00
7,view,2025-01-09 00:00:00
7,add_to_cart,2025-01-09 00:05:00
7,purchase,2025-01-09 00:10:00
8,view,2025-03-01 00:00:00
8,add_to_cart,2025-03-01 00:05:00
8,purchase,2025-03-01 00:10:00
8,view,2025-02-16 00:00:00
8,add_to_cart,2025-02-16 00:05:00
8,purchase,2025-02-16 00:10:00
8,view,2025-02-19 00:00:00
8,view,2025-01-02 00:00:00
8,add_to_cart,2025-01-02 00:05:00
8,purchase,2025-01-02 00:10:00
9,view,2025-02-23 00:00:00
9,add_to_cart,2025-02-23 00:05:00
9,view,2025-02-13 00:00:00
9,view,2025-03-03 00:00:00
9,view,2025-02-17 00:00:00
9,add_to_cart,2025-02-17 00:05:00
10,view,2025-03-03 00:00:00
10,add_to_cart,2025-03-03 00:05:00
10,purchase,2025-03-03 00:10:00
10,view,2025-03-23 00:00:00
10,add_to_cart,2025-03-23 00:05:00
10,view,2025-03-30 00:00:00
10,add_to_cart,2025-03-30 00:05:00
10,view,2025-02-10 00:00:00
10,add_to_cart,2025-02-10 00:05:00
10,purchase,2025-02-10 00:10:00
11,view,2025-03-12 00:00:00
11,add_to_cart,2025-03-12 00:05:00
11,purchase,2025-03-12 00:10:00
12,view,2025-03-29 00:00:00
12,add_to_cart,2025-03-29 00:05:00
12,purchase,2025-03-29 00:10:00
12,view,2025-01-08 00:00:00
12,view,2025-02-02 00:00:00
12,view,2025-02-10 00:00:00
13,view,2025-03-13 00:00:00
13,add_to_cart,2025-03-13 00:05:00
13,purchase,2025-03-13 00:10:00
14,view,2025-01-23 00:00:00
14,view,2025-02-06 00:00:00
14,view,2025-03-27 00:00:00
15,view,2025-02-16 00:00:00
16,view,2025-01-05 00:00:00
16,add_to_cart,2025-01-05 00:05:00
17,view,2025-01-27 00:00:00
17,add_to_cart,2025-01-27 00:05:00
17,purchase,2025-01-27 00:10:00
17,view,2025-02-11 00:00:00
17,add_to_cart,2025-02-11 00:05:00
17,purchase,2025-02-11 00:10:00
17,view,2025-02-21 00:00:00
17,add_to_cart,2025-02-21 00:05:00
18,view,2025-01-23 00:00:00
19,view,2025-02-12 00:00:00
19,add_to_cart,2025-02-12 00:05:00
19,view,2025-03-12 00:00:00
19,add_to_cart,2025-03-12 00:05:00
19,purchase,2025-03-12 00:10:00
19,view,2025-03-07 00:00:00
20,view,2025-02-26 00:00:00
20,add_to_cart,2025-02-26 00:05:00
20,purchase,2025-02-26 00:10:00
20,view,2025-02-13 00:00:00
20,add_to_cart,2025-02-13 00:05:00
21,view,2025-03-30 00:00:00
21,add_to_cart,2025-03-30 00:05:00
21,purchase,2025-03-30 00:10:00
21,view,2025-01-27 00:00:00
21,add_to_cart,2025-01-27 00:05:00
21,view,2025-01-03 00:00:00
21,add_to_cart,2025-01-03 00:05:00
21,view,2025-01-09 00:00:00
21,add_to_cart,2025-01-09 00:05:00
22,view,2025-02-13 00:00:00
22,add_to_cart,2025-02-13 00:05:00
22,purchase,2025-02-13 00:10:00
22,view,2025-02-01 00:00:00
22,add_to_cart,2025-02-01 00:05:00
23,view,2025-03-03 00:00:00
24,view,2025-01-12 00:00:00
24,add_to_cart,2025-01-12 00:05:00
24,purchase,2025-01-12 00:10:00
24,view,2025-02-25 00:00:00
24,add_to_cart,2025-02-25 00:05:00
24,view,2025-01-02 00:00:00
24,add_to_cart,2025-01-02 00:05:00
24,purchase,2025-01-02 00:10:00
24,view,2025-01-01 00:00:00
24,add_to_cart,2025-01-01 00:05:00
24,purchase,2025-01-01 00:10:00
25,view,2025-03-31 00:00:00
25,view,2025-02-01 00:00:00
25,add_to_cart,2025-02-01 00:05:00
25,purchase,2025-02-01 00:10:00
25,view,2025-02-25 00:00:00
25,add_to_cart,2025-02-25 00:05:00
25,view,2025-01-24 00:00:00
25,add_to_cart,2025-01-24 00:05:00
26,view,2025-01-11 00:00:00
26,view,2025-01-16 00:00:00
27,view,2025-02-28 00:00:00
27,add_to_cart,2025-02-28 00:05:00
27,purchase,2025-02-28 00:10:00
27,view,2025-01-20 00:00:00
27,add_to_cart,2025-01-20 00:05:00
27,purchase,2025-01-20 00:10:00
27,view,2025-03-31 00:00:00
27,add_to_cart,2025-03-31 00:05:00
27,purchase,2025-03-31 00:10:00
27,view,2025-03-12 00:00:00
27,add_to_cart,2025-03-12 00:05:00
28,view,2025-02-08 00:00:00
28,view,2025-01-01 00:00:00
28,view,2025-02-26 00:00:00
28,add_to_cart,2025-02-26 00:05:00
28,view,2025-02-11 00:00:00
28,add_to_cart,2025-02-11 00:05:00
29,view,2025-03-01 00:00:00
29,add_to_cart,2025-03-01 00:05:00
29,view,2025-01-12 00:00:00
29,add_to_cart,2025-01-12 00:05:00
30,view,2025-01-09 00:00:00
30,add_to_cart,2025-01-09 00:05:00
30,view,2025-03-21 00:00:00
30,view,2025-01-24 00:00:00
30,add_to_cart,2025-01-24 00:05:00
31,view,2025-03-16 00:00:00
31,view,2025-02-05 00:00:00
31,view,2025-03-25 00:00:00
31,add_to_cart,2025-03-25 00:05:00
31,purchase,2025-03-25 00:10:00
31,view,2025-03-30 00:00:00
32,view,2025-01-18 00:00:00
32,add_to_cart,2025-01-18 00:05:00
33,view,2025-02-04 00:00:00
33,view,2025-02-10 00:00:00
33,add_to_cart,2025-02-10 00:05:00
33,purchase,2025-02-10 00:10:00
34,view,2025-01-21 00:00:00
34,add_to_cart,2025-01-21 00:05:00
34,purchase,2025-01-21 00:10:00
34,view,2025-01-08 00:00:00
35,view,2025-02-02 00:00:00
35,add_to_cart,2025-02-02 00:05:00
36,view,2025-01-22 00:00:00
36,add_to_cart,2025-01-22 00:05:00
36,view,2025-02-20 00:00:00
37,view,2025-01-27 00:00:00
37,view,2025-01-30 00:00:00
37,view,2025-03-05 00:00:00
38,view,2025-03-02 00:00:00
38,add_to_cart,2025-03-02 00:05:00
38,view,2025-03-05 00:00:00
38,view,2025-01-17 00:00:00
38,view,2025-01-30 00:00:00
39,view,2025-01-06 00:00:00
39,add_to_cart,2025-01-06 00:05:00
39,purchase,2025-01-06 00:10:00
40,view,2025-02-15 00:00:00
40,view,2025-03-01 00:00:00
40,view,2025-03-04 00:00:00
40,add_to_cart,2025-03-04 00:05:00
40,purchase,2025-03-04 00:10:00
40,view,2025-02-02 00:00:00
40,add_to_cart,2025-02-02 00:05:00
40,purchase,2025-02-02 00:10:00
41,view,2025-02-23 00:00:00
42,view,2025-02-15 00:00:00
42,add_to_cart,2025-02-15 00:05:00
42,view,2025-03-27 00:00:00
42,add_to_cart,2025-03-27 00:05:00
42,purchase,2025-03-27 00:10:00
42,view,2025-01-02 00:00:00
42,add_to_cart,2025-01-02 00:05:00
42,view,2025-01-09 00:00:00
43,view,2025-02-08 00:00:00
43,add_to_cart,2025-02-08 00:05:00
43,view,2025-02-19 00:00:00
43,view,2025-01-13 00:00:00
43,add_to_cart,2025-01-13 00:05:00
43,purchase,2025-01-13 00:10:00
43,view,2025-02-05 00:00:00
44,view,2025-01-08 00:00:00
45,view,2025-01-14 00:00:00
45,view,2025-03-28 00:00:00
45,add_to_cart,2025-03-28 00:05:00
45,view,2025-02-01 00:00:00
45,add_to_cart,2025-02-01 00:05:00
45,purchase,2025-02-01 00:10:00
45,view,2025-01-25 00:00:00
45,add_to_cart,2025-01-25 00:05:00
46,view,2025-02-27 00:00:00
46,view,2025-02-18 00:00:00
46,add_to_cart,2025-02-18 00:05:00
47,view,2025-03-01 00:00:00
47,add_to_cart,2025-03-01 00:05:00
47,view,2025-03-01 00:00:00
47,add_to_cart,2025-03-01 00:05:00
48,view,2025-01-06 00:00:00
48,add_to_cart,2025-01-06 00:05:00
48,view,2025-02-16 00:00:00
48,view,2025-02-09 00:00:00
48,view,2025-01-13 00:00:00
49,view,2025-01-30 00:00:00
49,add_to_cart,2025-01-30 00:05:00
49,purchase,2025-01-30 00:10:00
49,view,2025-01-19 00:00:00
49,add_to_cart,2025-01-19 00:05:00
49,purchase,2025-01-19 00:10:00
50,view,2025-03-31 00:00:00
51,view,2025-01-09 00:00:00
51,view,2025-01-01 00:00:00
51,add_to_cart,2025-01-01 00:05:00
51,purchase,2025-01-01 00:10:00
51,view,2025-02-03 00:00:00
51,add_to_cart,2025-02-03 00:05:00
51,purchase,2025-02-03 00:10:00
52,view,2025-01-01 00:00:00
53,view,2025-03-05 00:00:00
53,add_to_cart,2025-03-05 00:05:00
53,view,2025-03-08 00:00:00
53,add_to_cart,2025-03-08 00:05:00
53,purchase,2025-03-08 00:10:00
53,view,2025-03-27 00:00:00
53,add_to_cart,2025-03-27 00:05:00
53,purchase,2025-03-27 00:10:00
54,view,2025-02-16 00:00:00
54,add_to_cart,2025-02-16 00:05:00
55,view,2025-03-10 00:00:00
55,add_to_cart,2025-03-10 00:05:00
55,purchase,2025-03-10 00:10:00
55,view,2025-02-17 00:00:00
55,view,2025-02-02 00:00:00
55,add_to_cart,2025-02-02 00:05:00
55,view,2025-01-10 00:00:00
56,view,2025-02-03 00:00:00
56,add_to_cart,2025-02-03 00:05:00
56,purchase,2025-02-03 00:10:00
56,view,2025-01-19 00:00:00
56,add_to_cart,2025-01-19 00:05:00
56,view,2025-03-10 00:00:00
56,view,2025-01-16 00:00:00
56,add_to_cart,2025-01-16 00:05:00
57,view,2025-02-01 00:00:00
58,view,2025-01-12 00:00:00
58,add_to_cart,2025-01-12 00:05:00
58,view,2025-02-02 00:00:00
58,view,2025-02-12 00:00:00
58,view,2025-03-08 00:00:00
59,view,2025-03-15 00:00:00
59,add_to_cart,2025-03-15 00:05:00
59,purchase,2025-03-15 00:10:00
59,view,2025-01-12 00:00:00
59,add_to_cart,2025-01-12 00:05:00
59,purchase,2025-01-12 00:10:00
59,view,2025-02-04 00:00:00
59,add_to_cart,2025-02-04 00:05:00
59,view,2025-01-26 00:00:00
60,view,2025-02-03 00:00:00
60,add_to_cart,2025-02-03 00:05:00
60,purchase,2025-02-03 00:10:00
60,view,2025-02-27 00:00:00
61,view,2025-03-16 00:00:00
62,view,2025-03-30 00:00:00
62,view,2025-02-05 00:00:00
62,add_to_cart,2025-02-05 00:05:00
62,view,2025-03-05 00:00:00
62,add_to_cart,2025-03-05 00:05:00
62,view,2025-02-05 00:00:00
62,add_to_cart,2025-02-05 00:05:00
63,view,2025-01-23 00:00:00
63,view,2025-02-06 00:00:00
63,add_to_cart,2025-02-06 00:05:00
63,view,2025-01-23 00:00:00
63,view,2025-01-30 00:00:00
64,view,2025-03-25 00:00:00
64,view,2025-03-27 00:00:00
64,add_to_cart,2025-03-27 00:05:00
64,purchase,2025-03-27 00:10:00
65,view,2025-01-12 00:00:00
65,view,2025-01-19 00:00:00
65,add_to_cart,2025-01-19 00:05:00
65,purchase,2025-01-19 00:10:00
65,view,2025-03-19 00:00:00
65,view,2025-02-21 00:00:00
65,add_to_cart,2025-02-21 00:05:00
66,view,2025-03-10 00:00:00
66,add_to_cart,2025-03-10 00:05:00
66,purchase,2025-03-10 00:10:00
67,view,2025-03-26 00:00:00
67,view,2025-01-23 00:00:00
67,view,2025-02-08 00:00:00
67,add_to_cart,2025-02-08 00:05:00
67,purchase,2025-02-08 00:10:00
68,view,2025-01-14 00:00:00
68,add_to_cart,2025-01-14 00:05:00
68,purchase,2025-01-14 00:10:00
68,view,2025-03-28 00:00:00
68,add_to_cart,2025-03-28 00:05:00
68,view,2025-03-17 00:00:00
69,view,2025-01-17 00:00:00
69,add_to_cart,2025-01-17 00:05:00
69,purchase,2025-01-17 00:10:00
69,view,2025-01-13 00:00:00
69,add_to_cart,2025-01-13 00:05:00
69,purchase,2025-01-13 00:10:00
70,view,2025-03-07 00:00:00
70,add_to_cart,2025-03-07 00:05:00
70,purchase,2025-03-07 00:10:00
70,view,2025-03-24 00:00:00
70,add_to_cart,2025-03-24 00:05:00
70,view,2025-03-27 00:00:00
71,view,2025-03-12 00:00:00
71,view,2025-01-04 00:00:00
71,add_to_cart,2025-01-04 00:05:00
71,view,2025-01-19 00:00:00
72,view,2025-02-08 00:00:00
72,add_to_cart,2025-02-08 00:05:00
72,view,2025-02-08 00:00:00
72,add_to_cart,2025-02-08 00:05:00
72,purchase,2025-02-08 00:10:00
73,view,2025-02-27 00:00:00
73,view,2025-03-13 00:00:00
73,add_to_cart,2025-03-13 00:05:00
74,view,2025-01-03 00:00:00
74,add_to_cart,2025-01-03 00:05:00
75,view,2025-01-25 00:00:00
75,view,2025-02-07 00:00:00
75,add_to_cart,2025-02-07 00:05:00
75,view,2025-02-14 00:00:00
76,view,2025-02-16 00:00:00
77,view,2025-03-26 00:00:00
77,view,2025-02-05 00:00:00
77,add_to_cart,2025-02-05 00:05:00
78,view,2025-02-16 00:00:00
78,view,2025-01-14 00:00:00
78,add_to_cart,2025-01-14 00:05:00
79,view,2025-01-03 00:00:00
79,view,2025-02-26 00:00:00
80,view,2025-01-16 00:00:00
80,view,2025-03-17 00:00:00
80,add_to_cart,2025-03-17 00:05:00
80,purchase,2025-03-17 00:10:00
81,view,2025-02-05 00:00:00
81,add_to_cart,2025-02-05 00:05:00
81,purchase,2025-02-05 00:10:00
81,view,2025-02-19 00:00:00
81,add_to_cart,2025-02-19 00:05:00
81,purchase,2025-02-19 00:10:00
82,view,2025-03-05 00:00:00
82,add_to_cart,2025-03-05 00:05:00
82,purchase,2025-03-05 00:10:00
82,view,2025-03-14 00:00:00
82,add_to_cart,2025-03-14 00:05:00
82,view,2025-01-29 00:00:00
82,add_to_cart,2025-01-29 00:05:00
82,purchase,2025-01-29 00:10:00
82,view,2025-01-06 00:00:00
83,view,2025-03-10 00:00:00
83,view,2025-03-07 00:00:00
83,add_to_cart,2025-03-07 00:05:00
83,view,2025-01-05 00:00:00
83,add_to_cart,2025-01-05 00:05:00
83,purchase,2025-01-05 00:10:00
83,view,2025-03-06 00:00:00
83,add_to_cart,2025-03-06 00:05:00
84,view,2025-03-26 00:00:00
84,view,2025-03-30 00:00:00
84,view,2025-01-27 00:00:00
84,add_to_cart,2025-01-27 00:05:00
84,purchase,2025-01-27 00:10:00
85,view,2025-01-01 00:00:00
85,add_to_cart,2025-01-01 00:05:00
85,purchase,2025-01-01 00:10:00
86,view,2025-03-22 00:00:00
86,add_to_cart,2025-03-22 00:05:00
86,view,2025-01-03 00:00:00
86,add_to_cart,2025-01-03 00:05:00
86,view,2025-02-06 00:00:00
86,view,2025-03-24 00:00:00
86,add_to_cart,2025-03-24 00:05:00
86,purchase,2025-03-24 00:10:00
87,view,2025-01-01 00:00:00
87,view,2025-03-18 00:00:00
87,add_to_cart,2025-03-18 00:05:00
88,view,2025-02-01 00:00:00
88,add_to_cart,2025-02-01 00:05:00
88,purchase,2025-02-01 00:10:00
88,view,2025-02-08 00:00:00
88,view,2025-02-03 00:00:00
88,add_to_cart,2025-02-03 00:05:00
88,view,2025-02-19 00:00:00
89,view,2025-01-05 00:00:00
89,add_to_cart,2025-01-05 00:05:00
89,view,2025-01-17 00:00:00
89,add_to_cart,2025-01-17 00:05:00
89,purchase,2025-01-17 00:10:00
90,view,2025-03-26 00:00:00
90,view,2025-03-16 00:00:00
90,add_to_cart,2025-03-16 00:05:00
90,purchase,2025-03-16 00:10:00
90,view,2025-02-07 00:00:00
91,view,2025-01-30 00:00:00
91,add_to_cart,2025-01-30 00:05:00
91,purchase,2025-01-30 00:10:00
91,view,2025-02-21 00:00:00
91,add_to_cart,2025-02-21 00:05:00
91,purchase,2025-02-21 00:10:00
92,view,2025-01-30 00:00:00
92,view,2025-02-20 00:00:00
92,view,2025-01-29 00:00:00
92,add_to_cart,2025-01-29 00:05:00
93,view,2025-01-17 00:00:00
93,add_to_cart,2025-01-17 00:05:00
93,purchase,2025-01-17 00:10:00
93,view,2025-02-03 00:00:00
94,view,2025-03-18 00:00:00
94,add_to_cart,2025-03-18 00:05:00
94,view,2025-03-16 00:00:00
94,add_to_cart,2025-03-16 00:05:00
94,purchase,2025-03-16 00:10:00
95,view,2025-03-21 00:00:00
95,add_to_cart,2025-03-21 00:05:00
95,purchase,2025-03-21 00:10:00
95,view,2025-01-08 00:00:00
95,add_to_cart,2025-01-08 00:05:00
95,view,2025-01-25 00:00:00
96,view,2025-01-27 00:00:00
96,view,2025-02-19 00:00:00
96,view,2025-02-20 00:00:00
96,add_to_cart,2025-02-20 00:05:00
96,purchase,2025-02-20 00:10:00
97,view,2025-02-11 00:00:00
97,add_to_cart,2025-02-11 00:05:00
97,purchase,2025-02-11 00:10:00
97,view,2025-01-01 00:00:00
97,add_to_cart,2025-01-01 00:05:00
97,purchase,2025-01-01 00:10:00
97,view,2025-02-15 00:00:00
97,add_to_cart,2025-02-15 00:05:00
97,view,2025-02-14 00:00:00
97,add_to_cart,2025-02-14 00:05:00
97,purchase,2025-02-14 00:10:00
98,view,2025-03-27 00:00:00
98,add_to_cart,2025-03-27 00:05:00
98,view,2025-03-04 00:00:00
98,add_to_cart,2025-03-04 00:05:00
98,purchase,2025-03-04 00:10:00
98,view,2025-02-05 00:00:00
99,view,2025-02-21 00:00:00
99,add_to_cart,2025-02-21 00:05:00
99,purchase,2025-02-21 00:10:00
100,view,2025-01-14 00:00:00
100,view,2025-03-28 00:00:00
100,add_to_cart,2025-03-28 00:05:00
101,view,2025-01-14 00:00:00
101,add_to_cart,2025-01-14 00:05:00
101,purchase,2025-01-14 00:10:00
101,view,2025-01-03 00:00:00
102,view,2025-01-18 00:00:00
102,add_to_cart,2025-01-18 00:05:00
102,view,2025-01-15 00:00:00
102,add_to_cart,2025-01-15 00:05:00
103,view,2025-03-15 00:00:00
103,add_to_cart,2025-03-15 00:05:00
103,view,2025-03-27 00:00:00
103,add_to_cart,2025-03-27 00:05:00
103,purchase,2025-03-27 00:10:00
103,view,2025-01-17 00:00:00
103,add_to_cart,2025-01-17 00:05:00
103,purchase,2025-01-17 00:10:00
103,view,2025-01-10 00:00:00
104,view,2025-01-18 00:00:00
104,add_to_cart,2025-01-18 00:05:00
105,view,2025-01-08 00:00:00
105,add_to_cart,2025-01-08 00:05:00
105,view,2025-02-11 00:00:00
105,add_to_cart,2025-02-11 00:05:00
105,purchase,2025-02-11 00:10:00
106,view,2025-03-05 00:00:00
106,add_to_cart,2025-03-05 00:05:00
106,purchase,2025-03-05 00:10:00
106,view,2025-03-11 00:00:00
107,view,2025-02-22 00:00:00
107,add_to_cart,2025-02-22 00:05:00
107,purchase,2025-02-22 00:10:00
108,view,2025-01-04 00:00:00
108,view,2025-03-03 00:00:00
108,add_to_cart,2025-03-03 00:05:00
108,purchase,2025-03-03 00:10:00
108,view,2025-02-24 00:00:00
109,view,2025-01-31 00:00:00
109,add_to_cart,2025-01-31 00:05:00
109,view,2025-01-06 00:00:00
109,add_to_cart,2025-01-06 00:05:00
109,view,2025-01-04 00:00:00
109,add_to_cart,2025-01-04 00:05:00
110,view,2025-02-20 00:00:00
110,view,2025-03-07 00:00:00
110,add_to_cart,2025-03-07 00:05:00
111,view,2025-02-14 00:00:00
111,view,2025-03-11 00:00:00
111,view,2025-03-09 00:00:00
111,add_to_cart,2025-03-09 00:05:00
112,view,2025-01-12 00:00:00
112,add_to_cart,2025-01-12 00:05:00
113,view,2025-02-07 00:00:00
113,add_to_cart,2025-02-07 00:05:00
113,purchase,2025-02-07 00:10:00
113,view,2025-03-18 00:00:00
113,add_to_cart,2025-03-18 00:05:00
113,purchase,2025-03-18 00:10:00
113,view,2025-02-19 00:00:00
113,add_to_cart,2025-02-19 00:05:00
113,view,2025-01-10 00:00:00
114,view,2025-02-09 00:00:00
115,view,2025-03-04 00:00:00
116,view,2025-01-09 00:00:00
116,add_to_cart,2025-01-09 00:05:00
116,purchase,2025-01-09 00:10:00
117,view,2025-02-04 00:00:00
117,add_to_cart,2025-02-04 00:05:00
117,view,2025-03-03 00:00:00
117,view,2025-02-19 00:00:00
117,add_to_cart,2025-02-19 00:05:00
118,view,2025-02-03 00:00:00
118,add_to_cart,2025-02-03 00:05:00
118,purchase,2025-02-03 00:10:00
119,view,2025-03-05 00:00:00
119,add_to_cart,2025-03-05 00:05:00
119,view,2025-03-13 00:00:00
119,view,2025-01-14 00:00:00
119,view,2025-02-04 00:00:00
119,add_to_cart,2025-02-04 00:05:00
120,view,2025-03-19 00:00:00
120,add_to_cart,2025-03-19 00:05:00
120,purchase,2025-03-19 00:10:00
120,view,2025-02-11 00:00:00
120,add_to_cart,2025-02-11 00:05:00
120,view,2025-02-08 00:00:00
121,view,2025-02-20 00:00:00
121,view,2025-01-23 00:00:00
121,add_to_cart,2025-01-23 00:05:00
121,view,2025-01-17 00:00:00
121,view,2025-03-07 00:00:00
121,add_to_cart,2025-03-07 00:05:00
122,view,2025-02-08 00:00:00
122,add_to_cart,2025-02-08 00:05:00
122,view,2025-01-07 00:00:00
122,view,2025-02-11 00:00:00
122,add_to_cart,2025-02-11 00:05:00
123,view,2025-02-02 00:00:00
123,add_to_cart,2025-02-02 00:05:00
124,view,2025-01-29 00:00:00
124,add_to_cart,2025-01-29 00:05:00
124,purchase,2025-01-29 00:10:00
124,view,2025-01-27 00:00:00
124,view,2025-03-09 00:00:00
124,add_to_cart,2025-03-09 00:05:00
124,view,2025-03-15 00:00:00
124,add_to_cart,2025-03-15 00:05:00
125,view,2025-02-16 00:00:00
125,view,2025-03-29 00:00:00
125,view,2025-01-15 00:00:00
126,view,2025-01-29 00:00:00
126,add_to_cart,2025-01-29 00:05:00
127,view,2025-01-27 00:00:00
127,view,2025-02-05 00:00:00
127,add_to_cart,2025-02-05 00:05:00
127,purchase,2025-02-05 00:10:00
128,view,2025-01-20 00:00:00
128,add_to_cart,2025-01-20 00:05:00
129,view,2025-01-06 00:00:00
129,add_to_cart,2025-01-06 00:05:00
129,purchase,2025-01-06 00:10:00
129,view,2025-02-15 00:00:00
130,view,2025-01-13 00:00:00
130,add_to_cart,2025-01-13 00:05:00
130,purchase,2025-01-13 00:10:00
130,view,2025-03-01 00:00:00
130,add_to_cart,2025-03-01 00:05:00
130,purchase,2025-03-01 00:10:00
131,view,2025-03-09 00:00:00
131,view,2025-02-06 00:00:00
131,view,2025-01-31 00:00:00
131,view,2025-02-20 00:00:00
132,view,2025-02-10 00:00:00
132,view,2025-01-23 00:00:00
132,add_to_cart,2025-01-23 00:05:00
132,purchase,2025-01-23 00:10:00
132,view,2025-03-31 00:00:00
132,view,2025-02-23 00:00:00
133,view,2025-03-04 00:00:00
133,add_to_cart,2025-03-04 00:05:00
133,purchase,2025-03-04 00:10:00
134,view,2025-01-21 00:00:00
134,add_to_cart,2025-01-21 00:05:00
134,view,2025-03-15 00:00:00
134,view,2025-01-26 00:00:00
134,add_to_cart,2025-01-26 00:05:00
134,purchase,2025-01-26 00:10:00
135,view,2025-03-31 00:00:00
136,view,2025-01-07 00:00:00
136,add_to_cart,2025-01-07 00:05:00
136,view,2025-01-17 00:00:00
136,add_to_cart,2025-01-17 00:05:00
136,purchase,2025-01-17 00:10:00
137,view,2025-02-20 00:00:00
137,add_to_cart,2025-02-20 00:05:00
137,view,2025-02-21 00:00:00
137,add_to_cart,2025-02-21 00:05:00
137,view,2025-02-18 00:00:00
138,view,2025-01-22 00:00:00
138,add_to_cart,2025-01-22 00:05:00
138,purchase,2025-01-22 00:10:00
138,view,2025-02-18 00:00:00
138,add_to_cart,2025-02-18 00:05:00
138,view,2025-02-18 00:00:00
138,add_to_cart,2025-02-18 00:05:00
139,view,2025-03-02 00:00:00
139,add_to_cart,2025-03-02 00:05:00
139,purchase,2025-03-02 00:10:00
139,view,2025-01-13 00:00:00
139,add_to_cart,2025-01-13 00:05:00
139,purchase,2025-01-13 00:10:00
139,view,2025-02-25 00:00:00
140,view,2025-01-30 00:00:00
140,add_to_cart,2025-01-30 00:05:00
140,purchase,2025-01-30 00:10:00
140,view,2025-01-30 00:00:00
140,view,2025-01-19 00:00:00
140,add_to_cart,2025-01-19 00:05:00
140,view,2025-02-16 00:00:00
140,add_to_cart,2025-02-16 00:05:00
141,view,2025-02-07 00:00:00
142,view,2025-01-01 00:00:00
142,add_to_cart,2025-01-01 00:05:00
142,purchase,2025-01-01 00:10:00
142,view,2025-01-03 00:00:00
142,add_to_cart,2025-01-03 00:05:00
142,purchase,2025-01-03 00:10:00
142,view,2025-02-03 00:00:00
142,add_to_cart,2025-02-03 00:05:00
142,purchase,2025-02-03 00:10:00
142,view,2025-02-01 00:00:00
143,view,2025-01-08 00:00:00
143,add_to_cart,2025-01-08 00:05:00
143,purchase,2025-01-08 00:10:00
144,view,2025-03-28 00:00:00
144,view,2025-03-13 00:00:00
144,add_to_cart,2025-03-13 00:05:00
144,view,2025-03-08 00:00:00
144,view,2025-01-08 00:00:00
144,add_to_cart,2025-01-08 00:05:00
144,purchase,2025-01-08 00:10:00
145,view,2025-02-01 00:00:00
145,view,2025-01-16 00:00:00
145,add_to_cart,2025-01-16 00:05:00
146,view,2025-01-14 00:00:00
146,add_to_cart,2025-01-14 00:05:00
147,view,2025-03-15 00:00:00
147,add_to_cart,2025-03-15 00:05:00
147,purchase,2025-03-15 00:10:00
147,view,2025-01-19 00:00:00
147,add_to_cart,2025-01-19 00:05:00
147,view,2025-01-29 00:00:00
147,add_to_cart,2025-01-29 00:05:00
148,view,2025-03-10 00:00:00
148,add_to_cart,2025-03-10 00:05:00
148,purchase,2025-03-10 00:10:00
148,view,2025-01-02 00:00:00
148,add_to_cart,2025-01-02 00:05:00
148,purchase,2025-01-02 00:10:00
148,view,2025-01-20 00:00:00
149,view,2025-01-09 00:00:00
149,add_to_cart,2025-01-09 00:05:00
149,purchase,2025-01-09 00:10:00
149,view,2025-03-27 00:00:00
150,view,2025-03-15 00:00:00
150,add_to_cart,2025-03-15 00:05:00
151,view,2025-03-22 00:00:00
151,add_to_cart,2025-03-22 00:05:00
151,view,2025-01-09 00:00:00
151,add_to_cart,2025-01-09 00:05:00
151,view,2025-03-14 00:00:00
151,add_to_cart,2025-03-14 00:05:00
152,view,2025-01-26 00:00:00
152,add_to_cart,2025-01-26 00:05:00
152,purchase,2025-01-26 00:10:00
152,view,2025-03-28 00:00:00
152,view,2025-03-11 00:00:00
152,view,2025-03-26 00:00:00
153,view,2025-02-07 00:00:00
153,add_to_cart,2025-02-07 00:05:00
153,purchase,2025-02-07 00:10:00
154,view,2025-03-17 00:00:00
154,add_to_cart,2025-03-17 00:05:00
154,purchase,2025-03-17 00:10:00
154,view,2025-03-26 00:00:00
154,add_to_cart,2025-03-26 00:05:00
154,purchase,2025-03-26 00:10:00
155,view,2025-02-09 00:00:00
155,add_to_cart,2025-02-09 00:05:00
155,view,2025-02-22 00:00:00
155,add_to_cart,2025-02-22 00:05:00
155,view,2025-01-26 00:00:00
155,add_to_cart,2025-01-26 00:05:00
156,view,2025-03-05 00:00:00
156,add_to_cart,2025-03-05 00:05:00
156,view,2025-03-06 00:00:00
156,add_to_cart,2025-03-06 00:05:00
157,view,2025-01-29 00:00:00
157,add_to_cart,2025-01-29 00:05:00
157,purchase,2025-01-29 00:10:00
157,view,2025-02-05 00:00:00
158,view,2025-02-23 00:00:00
158,add_to_cart,2025-02-23 00:05:00
158,view,2025-01-22 00:00:00
158,view,2025-02-02 00:00:00
158,add_to_cart,2025-02-02 00:05:00
159,view,2025-03-22 00:00:00
159,add_to_cart,2025-03-22 00:05:00
159,view,2025-03-14 00:00:00
159,view,2025-03-14 00:00:00
159,add_to_cart,2025-03-14 00:05:00
160,view,2025-03-02 00:00:00
161,view,2025-01-25 00:00:00
161,add_to_cart,2025-01-25 00:05:00
161,view,2025-02-13 00:00:00
162,view,2025-01-12 00:00:00
162,add_to_cart,2025-01-12 00:05:00
162,purchase,2025-01-12 00:10:00
162,view,2025-02-18 00:00:00
162,add_to_cart,2025-02-18 00:05:00
163,view,2025-02-16 00:00:00
163,add_to_cart,2025-02-16 00:05:00
163,view,2025-03-24 00:00:00
163,view,2025-01-21 00:00:00
164,view,2025-03-21 00:00:00
165,view,2025-03-23 00:00:00
165,add_to_cart,2025-03-23 00:05:00
165,purchase,2025-03-23 00:10:00
166,view,2025-01-26 00:00:00
166,add_to_cart,2025-01-26 00:05:00
166,view,2025-03-12 00:00:00
167,view,2025-03-26 00:00:00
167,add_to_cart,2025-03-26 00:05:00
167,purchase,2025-03-26 00:10:00
167,view,2025-03-20 00:00:00
168,view,2025-02-17 00:00:00
168,add_to_cart,2025-02-17 00:05:00
168,purchase,2025-02-17 00:10:00
169,view,2025-03-23 00:00:00
170,view,2025-02-08 00:00:00
170,add_to_cart,2025-02-08 00:05:00
170,view,2025-01-17 00:00:00
170,view,2025-01-24 00:00:00
170,add_to_cart,2025-01-24 00:05:00
170,purchase,2025-01-24 00:10:00
170,view,2025-01-03 00:00:00
171,view,2025-03-31 00:00:00
171,view,2025-02-08 00:00:00
171,add_to_cart,2025-02-08 00:05:00
171,view,2025-03-27 00:00:00
171,add_to_cart,2025-03-27 00:05:00
171,view,2025-01-16 00:00:00
171,add_to_cart,2025-01-16 00:05:00
172,view,2025-02-24 00:00:00
172,add_to_cart,2025-02-24 00:05:00
172,view,2025-01-13 00:00:00
172,add_to_cart,2025-01-13 00:05:00
173,view,2025-02-08 00:00:00
173,add_to_cart,2025-02-08 00:05:00
173,purchase,2025-02-08 00:10:00
173,view,2025-03-03 00:00:00
173,add_to_cart,2025-03-03 00:05:00
173,view,2025-02-25 00:00:00
173,add_to_cart,2025-02-25 00:05:00
173,purchase,2025-02-25 00:10:00
174,view,2025-01-25 00:00:00
174,add_to_cart,2025-01-25 00:05:00
174,view,2025-03-06 00:00:00
174,add_to_cart,2025-03-06 00:05:00
174,purchase,2025-03-06 00:10:00
175,view,2025-01-30 00:00:00
175,view,2025-01-18 00:00:00
175,add_to_cart,2025-01-18 00:05:00
175,purchase,2025-01-18 00:10:00
176,view,2025-02-22 00:00:00
177,view,2025-01-15 00:00:00
177,add_to_cart,2025-01-15 00:05:00
178,view,2025-02-28 00:00:00
178,view,2025-03-02 00:00:00
178,add_to_cart,2025-03-02 00:05:00
178,view,2025-02-08 00:00:00
178,view,2025-02-15 00:00:00
179,view,2025-03-18 00:00:00
179,view,2025-03-12 00:00:00
180,view,2025-03-13 00:00:00
180,view,2025-03-04 00:00:00
180,add_to_cart,2025-03-04 00:05:00
180,view,2025-03-15 00:00:00
180,add_to_cart,2025-03-15 00:05:00
180,purchase,2025-03-15 00:10:00
181,view,2025-01-03 00:00:00
182,view,2025-01-05 00:00:00
183,view,2025-02-18 00:00:00
183,add_to_cart,2025-02-18 00:05:00
183,view,2025-03-02 00:00:00
183,add_to_cart,2025-03-02 00:05:00
183,view,2025-03-23 00:00:00
184,view,2025-01-03 00:00:00
184,view,2025-01-13 00:00:00
184,add_to_cart,2025-01-13 00:05:00
184,view,2025-03-14 00:00:00
184,view,2025-01-11 00:00:00
185,view,2025-01-29 00:00:00
185,view,2025-01-25 00:00:00
185,view,2025-02-11 00:00:00
186,view,2025-01-25 00:00:00
186,add_to_cart,2025-01-25 00:05:00
186,purchase,2025-01-25 00:10:00
186,view,2025-03-29 00:00:00
186,add_to_cart,2025-03-29 00:05:00
186,purchase,2025-03-29 00:10:00
186,view,2025-01-05 00:00:00
186,add_to_cart,2025-01-05 00:05:00
186,view,2025-02-06 00:00:00
186,add_to_cart,2025-02-06 00:05:00
187,view,2025-03-18 00:00:00
188,view,2025-02-14 00:00:00
188,add_to_cart,2025-02-14 00:05:00
188,view,2025-02-27 00:00:00
188,add_to_cart,2025-02-27 00:05:00
188,view,2025-02-09 00:00:00
188,add_to_cart,2025-02-09 00:05:00
188,purchase,2025-02-09 00:10:00
188,view,2025-01-06 00:00:00
188,add_to_cart,2025-01-06 00:05:00
189,view,2025-02-28 00:00:00
189,view,2025-02-10 00:00:00
189,add_to_cart,2025-02-10 00:05:00
189,purchase,2025-02-10 00:10:00
189,view,2025-02-22 00:00:00
189,view,2025-03-04 00:00:00
190,view,2025-01-07 00:00:00
190,view,2025-02-14 00:00:00
190,view,2025-01-31 00:00:00
190,view,2025-01-10 00:00:00
191,view,2025-01-30 00:00:00
192,view,2025-01-02 00:00:00
192,view,2025-01-12 00:00:00
192,add_to_cart,2025-01-12 00:05:00
192,purchase,2025-01-12 00:10:00
193,view,2025-01-27 00:00:00
193,view,2025-01-17 00:00:00
193,add_to_cart,2025-01-17 00:05:00
193,purchase,2025-01-17 00:10:00
194,view,2025-03-29 00:00:00
194,view,2025-03-11 00:00:00
194,add_to_cart,2025-03-11 00:05:00
194,purchase,2025-03-11 00:10:00
194,view,2025-03-04 00:00:00
194,add_to_cart,2025-03-04 00:05:00
194,purchase,2025-03-04 00:10:00
194,view,2025-02-06 00:00:00
194,add_to_cart,2025-02-06 00:05:00
195,view,2025-03-09 00:00:00
195,add_to_cart,2025-03-09 00:05:00
195,view,2025-01-22 00:00:00
195,view,2025-03-06 00:00:00
195,add_to_cart,2025-03-06 00:05:00
195,purchase,2025-03-06 00:10:00
195,view,2025-03-23 00:00:00
196,view,2025-02-16 00:00:00
196,view,2025-02-05 00:00:00
196,view,2025-02-21 00:00:00
196,view,2025-01-07 00:00:00
196,add_to_cart,2025-01-07 00:05:00
197,view,2025-03-20 00:00:00
197,view,2025-03-16 00:00:00
197,view,2025-01-26 00:00:00
197,add_to_cart,2025-01-26 00:05:00
197,purchase,2025-01-26 00:10:00
198,view,2025-03-22 00:00:00
198,add_to_cart,2025-03-22 00:05:00
198,view,2025-01-15 00:00:00
198,view,2025-01-29 00:00:00
198,add_to_cart,2025-01-29 00:05:00
198,view,2025-02-16 00:00:00
199,view,2025-03-16 00:00:00
199,add_to_cart,2025-03-16 00:05:00
199,view,2025-02-25 00:00:00
199,add_to_cart,2025-02-25 00:05:00
200,view,2025-02-28 00:00:00
200,view,2025-01-19 00:00:00
200,add_to_cart,2025-01-19 00:05:00
200,view,2025-01-01 00:00:00
200,add_to_cart,2025-01-01 00:05:00
200,view,2025-02-03 00:00:00
200,add_to_cart,2025-02-03 00:05:00
200,purchase,2025-02-03 00:10:00
201,view,2025-01-24 00:00:00
201,add_to_cart,2025-01-24 00:05:00
202,view,2025-01-27 00:00:00
202,view,2025-02-15 00:00:00
202,add_to_cart,2025-02-15 00:05:00
202,purchase,2025-02-15 00:10:00
202,view,2025-01-08 00:00:00
202,view,2025-02-15 00:00:00
202,add_to_cart,2025-02-15 00:05:00
202,purchase,2025-02-15 00:10:00
203,view,2025-03-05 00:00:00
203,add_to_cart,2025-03-05 00:05:00
204,view,2025-01-03 00:00:00
204,add_to_cart,2025-01-03 00:05:00
204,purchase,2025-01-03 00:10:00
204,view,2025-03-19 00:00:00
204,add_to_cart,2025-03-19 00:05:00
205,view,2025-01-09 00:00:00
205,add_to_cart,2025-01-09 00:05:00
205,purchase,2025-01-09 00:10:00
205,view,2025-03-04 00:00:00
205,view,2025-01-02 00:00:00
205,view,2025-01-11 00:00:00
206,view,2025-03-13 00:00:00
206,add_to_cart,2025-03-13 00:05:00
207,view,2025-02-07 00:00:00
207,add_to_cart,2025-02-07 00:05:00
207,view,2025-02-02 00:00:00
208,view,2025-01-08 00:00:00
209,view,2025-03-29 00:00:00
209,add_to_cart,2025-03-29 00:05:00
209,purchase,2025-03-29 00:10:00
209,view,2025-02-15 00:00:00
209,add_to_cart,2025-02-15 00:05:00
209,purchase,2025-02-15 00:10:00
209,view,2025-03-27 00:00:00
209,add_to_cart,2025-03-27 00:05:00
209,purchase,2025-03-27 00:10:00
210,view,2025-02-01 00:00:00
210,view,2025-01-02 00:00:00
210,add_to_cart,2025-01-02 00:05:00
210,view,2025-01-30 00:00:00
210,add_to_cart,2025-01-30 00:05:00
210,purchase,2025-01-30 00:10:00
210,view,2025-01-22 00:00:00
210,add_to_cart,2025-01-22 00:05:00
211,view,2025-02-15 00:00:00
211,view,2025-01-15 00:00:00
211,add_to_cart,2025-01-15 00:05:00
211,purchase,2025-01-15 00:10:00
212,view,2025-03-16 00:00:00
212,add_to_cart,2025-03-16 00:05:00
213,view,2025-01-06 00:00:00
214,view,2025-02-01 00:00:00
214,add_to_cart,2025-02-01 00:05:00
214,view,2025-03-13 00:00:00
214,view,2025-03-03 00:00:00
215,view,2025-01-07 00:00:00
215,view,2025-03-21 00:00:00
215,add_to_cart,2025-03-21 00:05:00
215,view,2025-01-26 00:00:00
215,add_to_cart,2025-01-26 00:05:00
215,purchase,2025-01-26 00:10:00
216,view,2025-01-14 00:00:00
216,add_to_cart,2025-01-14 00:05:00
216,purchase,2025-01-14 00:10:00
216,view,2025-03-28 00:00:00
216,view,2025-01-25 00:00:00
216,view,2025-01-19 00:00:00
217,view,2025-02-14 00:00:00
217,add_to_cart,2025-02-14 00:05:00
217,view,2025-02-24 00:00:00
217,add_to_cart,2025-02-24 00:05:00
217,purchase,2025-02-24 00:10:00
217,view,2025-03-11 00:00:00
217,view,2025-01-22 00:00:00
217,add_to_cart,2025-01-22 00:05:00
218,view,2025-01-03 00:00:00
218,add_to_cart,2025-01-03 00:05:00
218,purchase,2025-01-03 00:10:00
218,view,2025-03-02 00:00:00
218,add_to_cart,2025-03-02 00:05:00
218,purchase,2025-03-02 00:10:00
218,view,2025-01-07 00:00:00
218,add_to_cart,2025-01-07 00:05:00
219,view,2025-02-27 00:00:00
219,view,2025-01-20 00:00:00
219,view,2025-01-20 00:00:00
219,add_to_cart,2025-01-20 00:05:00
220,view,2025-02-05 00:00:00
220,add_to_cart,2025-02-05 00:05:00
220,purchase,2025-02-05 00:10:00
220,view,2025-03-07 00:00:00
220,add_to_cart,2025-03-07 00:05:00
220,view,2025-02-08 00:00:00
220,add_to_cart,2025-02-08 00:05:00
221,view,2025-01-12 00:00:00
221,add_to_cart,2025-01-12 00:05:00
221,purchase,2025-01-12 00:10:00
221,view,2025-01-21 00:00:00
222,view,2025-01-26 00:00:00
222,view,2025-03-28 00:00:00
222,view,2025-01-14 00:00:00
223,view,2025-02-06 00:00:00
223,view,2025-02-10 00:00:00
223,add_to_cart,2025-02-10 00:05:00
223,view,2025-01-14 00:00:00
223,add_to_cart,2025-01-14 00:05:00
223,purchase,2025-01-14 00:10:00
224,view,2025-03-11 00:00:00
224,view,2025-03-30 00:00:00
225,view,2025-02-04 00:00:00
225,view,2025-03-06 00:00:00
226,view,2025-02-05 00:00:00
226,view,2025-02-16 00:00:00
226,add_to_cart,2025-02-16 00:05:00
226,view,2025-01-14 00:00:00
226,add_to_cart,2025-01-14 00:05:00
226,purchase,2025-01-14 00:10:00
226,view,2025-03-17 00:00:00
227,view,2025-01-05 00:00:00
227,add_to_cart,2025-01-05 00:05:00
228,view,2025-02-26 00:00:00
228,add_to_cart,2025-02-26 00:05:00
228,purchase,2025-02-26 00:10:00
229,view,2025-02-06 00:00:00
229,add_to_cart,2025-02-06 00:05:00
230,view,2025-02-13 00:00:00
230,add_to_cart,2025-02-13 00:05:00
231,view,2025-03-02 00:00:00
231,add_to_cart,2025-03-02 00:05:00
231,view,2025-03-14 00:00:00
231,add_to_cart,2025-03-14 00:05:00
232,view,2025-01-01 00:00:00
232,add_to_cart,2025-01-01 00:05:00
232,purchase,2025-01-01 00:10:00
233,view,2025-02-28 00:00:00
233,add_to_cart,2025-02-28 00:05:00
234,view,2025-01-12 00:00:00
234,add_to_cart,2025-01-12 00:05:00
234,view,2025-03-29 00:00:00
235,view,2025-03-30 00:00:00
235,view,2025-02-26 00:00:00
235,add_to_cart,2025-02-26 00:05:00
235,purchase,2025-02-26 00:10:00
236,view,2025-02-19 00:00:00
236,add_to_cart,2025-02-19 00:05:00
236,view,2025-01-23 00:00:00
236,add_to_cart,2025-01-23 00:05:00
236,purchase,2025-01-23 00:10:00
236,view,2025-03-21 00:00:00
237,view,2025-01-08 00:00:00
237,view,2025-01-01 00:00:00
237,view,2025-01-29 00:00:00
237,add_to_cart,2025-01-29 00:05:00
237,view,2025-03-27 00:00:00
237,add_to_cart,2025-03-27 00:05:00
238,view,2025-03-31 00:00:00
238,add_to_cart,2025-03-31 00:05:00
238,purchase,2025-03-31 00:10:00
238,view,2025-03-23 00:00:00
238,view,2025-01-08 00:00:00
239,view,2025-03-17 00:00:00
239,add_to_cart,2025-03-17 00:05:00
240,view,2025-02-02 00:00:00
240,view,2025-01-31 00:00:00
240,view,2025-02-22 00:00:00
240,view,2025-03-31 00:00:00
240,add_to_cart,2025-03-31 00:05:00
240,purchase,2025-03-31 00:10:00
241,view,2025-03-11 00:00:00
241,add_to_cart,2025-03-11 00:05:00
241,view,2025-03-30 00:00:00
241,view,2025-03-14 00:00:00
241,add_to_cart,2025-03-14 00:05:00
241,purchase,2025-03-14 00:10:00
241,view,2025-03-16 00:00:00
242,view,2025-01-04 00:00:00
243,view,2025-03-23 00:00:00
243,view,2025-01-23 00:00:00
243,add_to_cart,2025-01-23 00:05:00
244,view,2025-02-23 00:00:00
244,view,2025-03-26 00:00:00
244,add_to_cart,2025-03-26 00:05:00
244,purchase,2025-03-26 00:10:00
244,view,2025-03-12 00:00:00
244,add_to_cart,2025-03-12 00:05:00
244,purchase,2025-03-12 00:10:00
244,view,2025-03-30 00:00:00
244,add_to_cart,2025-03-30 00:05:00
245,view,2025-02-13 00:00:00
245,add_to_cart,2025-02-13 00:05:00
245,view,2025-03-13 00:00:00
245,view,2025-03-15 00:00:00
246,view,2025-01-03 00:00:00
246,add_to_cart,2025-01-03 00:05:00
247,view,2025-03-11 00:00:00
247,view,2025-01-26 00:00:00
247,add_to_cart,2025-01-26 00:05:00
247,purchase,2025-01-26 00:10:00
248,view,2025-02-06 00:00:00
248,add_to_cart,2025-02-06 00:05:00
248,purchase,2025-02-06 00:10:00
248,view,2025-02-12 00:00:00
248,view,2025-03-11 00:00:00
248,view,2025-02-12 00:00:00
248,add_to_cart,2025-02-12 00:05:00
248,purchase,2025-02-12 00:10:00
249,view,2025-03-21 00:00:00
249,view,2025-01-15 00:00:00
249,add_to_cart,2025-01-15 00:05:00
249,view,2025-01-15 00:00:00
249,add_to_cart,2025-01-15 00:05:00
249,purchase,2025-01-15 00:10:00
250,view,2025-02-03 00:00:00
250,add_to_cart,2025-02-03 00:05:00
250,view,2025-02-21 00:00:00
250,view,2025-01-29 00:00:00
251,view,2025-01-08 00:00:00
251,add_to_cart,2025-01-08 00:05:00
251,view,2025-01-18 00:00:00
251,add_to_cart,2025-01-18 00:05:00
251,view,2025-03-31 00:00:00
251,add_to_cart,2025-03-31 00:05:00
251,purchase,2025-03-31 00:10:00
252,view,2025-03-15 00:00:00
252,view,2025-01-31 00:00:00
252,view,2025-02-25 00:00:00
253,view,2025-02-11 00:00:00
254,view,2025-03-09 00:00:00
254,add_to_cart,2025-03-09 00:05:00
254,view,2025-02-13 00:00:00
254,add_to_cart,2025-02-13 00:05:00
254,view,2025-01-13 00:00:00
254,view,2025-01-21 00:00:00
255,view,2025-01-26 00:00:00
255,add_to_cart,2025-01-26 00:05:00
256,view,2025-02-11 00:00:00
256,view,2025-03-21 00:00:00
256,add_to_cart,2025-03-21 00:05:00
256,purchase,2025-03-21 00:10:00
257,view,2025-02-19 00:00:00
257,view,2025-03-01 00:00:00
257,view,2025-03-30 00:00:00
257,add_to_cart,2025-03-30 00:05:00
257,view,2025-02-24 00:00:00
257,add_to_cart,2025-02-24 00:05:00
257,purchase,2025-02-24 00:10:00
258,view,2025-02-02 00:00:00
258,add_to_cart,2025-02-02 00:05:00
258,purchase,2025-02-02 00:10:00
258,view,2025-02-17 00:00:00
258,add_to_cart,2025-02-17 00:05:00
258,purchase,2025-02-17 00:10:00
258,view,2025-03-12 00:00:00
258,add_to_cart,2025-03-12 00:05:00
258,purchase,2025-03-12 00:10:00
259,view,2025-03-18 00:00:00
259,add_to_cart,2025-03-18 00:05:00
259,purchase,2025-03-18 00:10:00
259,view,2025-01-02 00:00:00
259,add_to_cart,2025-01-02 00:05:00
260,view,2025-03-08 00:00:00
260,add_to_cart,2025-03-08 00:05:00
260,purchase,2025-03-08 00:10:00
260,view,2025-02-10 00:00:00
261,view,2025-01-24 00:00:00
261,add_to_cart,2025-01-24 00:05:00
261,purchase,2025-01-24 00:10:00
261,view,2025-03-31 00:00:00
261,add_to_cart,2025-03-31 00:05:00
261,view,2025-02-05 00:00:00
261,add_to_cart,2025-02-05 00:05:00
262,view,2025-03-14 00:00:00
262,add_to_cart,2025-03-14 00:05:00
262,purchase,2025-03-14 00:10:00
262,view,2025-02-10 00:00:00
262,view,2025-01-13 00:00:00
262,add_to_cart,2025-01-13 00:05:00
262,purchase,2025-01-13 00:10:00
263,view,2025-02-13 00:00:00
263,add_to_cart,2025-02-13 00:05:00
264,view,2025-03-13 00:00:00
264,view,2025-02-13 00:00:00
264,add_to_cart,2025-02-13 00:05:00
264,purchase,2025-02-13 00:10:00
265,view,2025-01-02 00:00:00
265,view,2025-01-02 00:00:00
265,add_to_cart,2025-01-02 00:05:00
266,view,2025-01-30 00:00:00
266,add_to_cart,2025-01-30 00:05:00
266,view,2025-02-27 00:00:00
266,view,2025-03-18 00:00:00
267,view,2025-02-24 00:00:00
267,add_to_cart,2025-02-24 00:05:00
267,purchase,2025-02-24 00:10:00
267,view,2025-02-24 00:00:00
267,view,2025-01-17 00:00:00
267,add_to_cart,2025-01-17 00:05:00
268,view,2025-01-16 00:00:00
268,add_to_cart,2025-01-16 00:05:00
268,purchase,2025-01-16 00:10:00
268,view,2025-01-05 00:00:00
268,view,2025-03-06 00:00:00
269,view,2025-03-25 00:00:00
270,view,2025-03-13 00:00:00
270,view,2025-02-02 00:00:00
271,view,2025-02-07 00:00:00
271,add_to_cart,2025-02-07 00:05:00
271,purchase,2025-02-07 00:10:00
271,view,2025-02-05 00:00:00
271,add_to_cart,2025-02-05 00:05:00
271,purchase,2025-02-05 00:10:00
271,view,2025-03-07 00:00:00
271,add_to_cart,2025-03-07 00:05:00
271,purchase,2025-03-07 00:10:00
271,view,2025-03-14 00:00:00
271,add_to_cart,2025-03-14 00:05:00
272,view,2025-01-23 00:00:00
272,view,2025-03-23 00:00:00
272,add_to_cart,2025-03-23 00:05:00
273,view,2025-01-15 00:00:00
273,view,2025-01-12 00:00:00
273,view,2025-02-11 00:00:00
273,add_to_cart,2025-02-11 00:05:00
274,view,2025-03-29 00:00:00
274,add_to_cart,2025-03-29 00:05:00
274,view,2025-03-08 00:00:00
275,view,2025-01-14 00:00:00
275,add_to_cart,2025-01-14 00:05:00
275,purchase,2025-01-14 00:10:00
275,view,2025-03-07 00:00:00
275,add_to_cart,2025-03-07 00:05:00
275,purchase,2025-03-07 00:10:00
275,view,2025-03-19 00:00:00
275,view,2025-01-10 00:00:00
276,view,2025-02-23 00:00:00
276,add_to_cart,2025-02-23 00:05:00
277,view,2025-03-21 00:00:00
278,view,2025-02-21 00:00:00
278,add_to_cart,2025-02-21 00:05:00
278,purchase,2025-02-21 00:10:00
279,view,2025-01-13 00:00:00
279,add_to_cart,2025-01-13 00:05:00
279,purchase,2025-01-13 00:10:00
280,view,2025-03-09 00:00:00
280,add_to_cart,2025-03-09 00:05:00
280,view,2025-03-01 00:00:00
281,view,2025-01-13 00:00:00
281,view,2025-01-20 00:00:00
281,add_to_cart,2025-01-20 00:05:00
281,purchase,2025-01-20 00:10:00
281,view,2025-01-06 00:00:00
281,add_to_cart,2025-01-06 00:05:00
281,purchase,2025-01-06 00:10:00
281,view,2025-01-02 00:00:00
282,view,2025-01-31 00:00:00
282,add_to_cart,2025-01-31 00:05:00
282,view,2025-01-10 00:00:00
282,add_to_cart,2025-01-10 00:05:00
282,purchase,2025-01-10 00:10:00
282,view,2025-02-19 00:00:00
282,add_to_cart,2025-02-19 00:05:00
283,view,2025-03-28 00:00:00
283,add_to_cart,2025-03-28 00:05:00
283,purchase,2025-03-28 00:10:00
284,view,2025-01-28 00:00:00
284,add_to_cart,2025-01-28 00:05:00
284,purchase,2025-01-28 00:10:00
285,view,2025-01-16 00:00:00
285,add_to_cart,2025-01-16 00:05:00
285,view,2025-02-09 00:00:00
285,view,2025-02-21 00:00:00
285,add_to_cart,2025-02-21 00:05:00
285,view,2025-02-07 00:00:00
285,add_to_cart,2025-02-07 00:05:00
285,purchase,2025-02-07 00:10:00
286,view,2025-03-04 00:00:00
286,add_to_cart,2025-03-04 00:05:00
286,purchase,2025-03-04 00:10:00
286,view,2025-01-07 00:00:00
286,add_to_cart,2025-01-07 00:05:00
286,purchase,2025-01-07 00:10:00
286,view,2025-03-12 00:00:00
286,view,2025-03-27 00:00:00
287,view,2025-01-02 00:00:00
287,add_to_cart,2025-01-02 00:05:00
287,purchase,2025-01-02 00:10:00
287,view,2025-03-20 00:00:00
287,add_to_cart,2025-03-20 00:05:00
287,view,2025-02-08 00:00:00
288,view,2025-03-26 00:00:00
289,view,2025-03-26 00:00:00
289,add_to_cart,2025-03-26 00:05:00
289,purchase,2025-03-26 00:10:00
290,view,2025-02-05 00:00:00
290,add_to_cart,2025-02-05 00:05:00
290,purchase,2025-02-05 00:10:00
290,view,2025-01-11 00:00:00
290,add_to_cart,2025-01-11 00:05:00
290,view,2025-02-24 00:00:00
290,add_to_cart,2025-02-24 00:05:00
290,purchase,2025-02-24 00:10:00
290,view,2025-02-03 00:00:00
290,add_to_cart,2025-02-03 00:05:00
291,view,2025-02-21 00:00:00
291,view,2025-02-11 00:00:00
291,view,2025-01-13 00:00:00
291,add_to_cart,2025-01-13 00:05:00
291,purchase,2025-01-13 00:10:00
291,view,2025-01-09 00:00:00
292,view,2025-03-01 00:00:00
292,add_to_cart,2025-03-01 00:05:00
292,purchase,2025-03-01 00:10:00
292,view,2025-02-27 00:00:00
292,add_to_cart,2025-02-27 00:05:00
293,view,2025-03-16 00:00:00
293,add_to_cart,2025-03-16 00:05:00
293,purchase,2025-03-16 00:10:00
293,view,2025-03-27 00:00:00
293,view,2025-03-20 00:00:00
293,view,2025-03-28 00:00:00
293,add_to_cart,2025-03-28 00:05:00
293,purchase,2025-03-28 00:10:00
294,view,2025-02-13 00:00:00
294,add_to_cart,2025-02-13 00:05:00
294,view,2025-03-18 00:00:00
294,add_to_cart,2025-03-18 00:05:00
294,view,2025-01-01 00:00:00
294,add_to_cart,2025-01-01 00:05:00
294,purchase,2025-01-01 00:10:00
294,view,2025-01-24 00:00:00
294,add_to_cart,2025-01-24 00:05:00
295,view,2025-02-27 00:00:00
295,add_to_cart,2025-02-27 00:05:00
295,view,2025-02-21 00:00:00
295,view,2025-01-07 00:00:00
295,view,2025-02-20 00:00:00
295,add_to_cart,2025-02-20 00:05:00
295,purchase,2025-02-20 00:10:00
296,view,2025-01-08 00:00:00
296,add_to_cart,2025-01-08 00:05:00
296,purchase,2025-01-08 00:10:00
296,view,2025-03-22 00:00:00
296,add_to_cart,2025-03-22 00:05:00
297,view,2025-03-14 00:00:00
297,add_to_cart,2025-03-14 00:05:00
297,purchase,2025-03-14 00:10:00
298,view,2025-02-05 00:00:00
299,view,2025-02-10 00:00:00
299,view,2025-03-03 00:00:00
300,view,2025-01-21 00:00:00
300,add_to_cart,2025-01-21 00:05:00
300,purchase,2025-01-21 00:10:00
300,view,2025-01-02 00:00:00
301,view,2025-02-01 00:00:00
302,view,2025-02-01 00:00:00
302,view,2025-01-11 00:00:00
302,add_to_cart,2025-01-11 00:05:00
302,purchase,2025-01-11 00:10:00
302,view,2025-01-18 00:00:00
302,add_to_cart,2025-01-18 00:05:00
302,purchase,2025-01-18 00:10:00
302,view,2025-02-28 00:00:00
302,add_to_cart,2025-02-28 00:05:00
302,purchase,2025-02-28 00:10:00
303,view,2025-01-22 00:00:00
303,add_to_cart,2025-01-22 00:05:00
303,view,2025-02-13 00:00:00
303,add_to_cart,2025-02-13 00:05:00
304,view,2025-01-21 00:00:00
304,add_to_cart,2025-01-21 00:05:00
304,view,2025-02-08 00:00:00
304,view,2025-02-16 00:00:00
304,add_to_cart,2025-02-16 00:05:00
304,view,2025-01-21 00:00:00
305,view,2025-01-07 00:00:00
305,add_to_cart,2025-01-07 00:05:00
305,purchase,2025-01-07 00:10:00
305,view,2025-03-27 00:00:00
306,view,2025-01-22 00:00:00
306,add_to_cart,2025-01-22 00:05:00
307,view,2025-01-29 00:00:00
307,view,2025-02-21 00:00:00
308,view,2025-03-20 00:00:00
308,add_to_cart,2025-03-20 00:05:00
308,view,2025-03-18 00:00:00
308,add_to_cart,2025-03-18 00:05:00
308,view,2025-02-25 00:00:00
309,view,2025-01-19 00:00:00
309,add_to_cart,2025-01-19 00:05:00
309,purchase,2025-01-19 00:10:00
309,view,2025-01-25 00:00:00
310,view,2025-01-08 00:00:00
310,add_to_cart,2025-01-08 00:05:00
310,purchase,2025-01-08 00:10:00
310,view,2025-01-01 00:00:00
310,view,2025-01-03 00:00:00
311,view,2025-03-05 00:00:00
311,view,2025-03-30 00:00:00
311,add_to_cart,2025-03-30 00:05:00
311,view,2025-01-27 00:00:00
311,view,2025-01-13 00:00:00
311,add_to_cart,2025-01-13 00:05:00
312,view,2025-03-31 00:00:00
312,view,2025-01-12 00:00:00
313,view,2025-02-03 00:00:00
313,view,2025-01-20 00:00:00
313,add_to_cart,2025-01-20 00:05:00
313,purchase,2025-01-20 00:10:00
314,view,2025-03-11 00:00:00
314,view,2025-02-27 00:00:00
314,add_to_cart,2025-02-27 00:05:00
314,purchase,2025-02-27 00:10:00
314,view,2025-01-20 00:00:00
315,view,2025-01-26 00:00:00
315,add_to_cart,2025-01-26 00:05:00
315,purchase,2025-01-26 00:10:00
315,view,2025-01-21 00:00:00
315,add_to_cart,2025-01-21 00:05:00
315,purchase,2025-01-21 00:10:00
316,view,2025-02-26 00:00:00
316,add_to_cart,2025-02-26 00:05:00
316,purchase,2025-02-26 00:10:00
316,view,2025-03-12 00:00:00
316,add_to_cart,2025-03-12 00:05:00
316,view,2025-03-29 00:00:00
316,add_to_cart,2025-03-29 00:05:00
316,purchase,2025-03-29 00:10:00
316,view,2025-01-04 00:00:00
316,add_to_cart,2025-01-04 00:05:00
316,purchase,2025-01-04 00:10:00
317,view,2025-03-23 00:00:00
317,view,2025-03-01 00:00:00
318,view,2025-03-04 00:00:00
318,add_to_cart,2025-03-04 00:05:00
318,purchase,2025-03-04 00:10:00
319,view,2025-03-17 00:00:00
320,view,2025-01-31 00:00:00
320,view,2025-01-19 00:00:00
320,add_to_cart,2025-01-19 00:05:00
320,purchase,2025-01-19 00:10:00
321,view,2025-02-24 00:00:00
321,add_to_cart,2025-02-24 00:05:00
321,purchase,2025-02-24 00:10:00
321,view,2025-02-16 00:00:00
321,view,2025-02-14 00:00:00
321,add_to_cart,2025-02-14 00:05:00
322,view,2025-02-16 00:00:00
322,add_to_cart,2025-02-16 00:05:00
322,purchase,2025-02-16 00:10:00
322,view,2025-03-19 00:00:00
322,view,2025-01-09 00:00:00
322,view,2025-03-10 00:00:00
322,add_to_cart,2025-03-10 00:05:00
322,purchase,2025-03-10 00:10:00
323,view,2025-01-03 00:00:00
323,add_to_cart,2025-01-03 00:05:00
323,purchase,2025-01-03 00:10:00
323,view,2025-03-11 00:00:00
323,add_to_cart,2025-03-11 00:05:00
323,purchase,2025-03-11 00:10:00
324,view,2025-01-19 00:00:00
324,add_to_cart,2025-01-19 00:05:00
324,purchase,2025-01-19 00:10:00
325,view,2025-03-10 00:00:00
325,view,2025-02-06 00:00:00
325,add_to_cart,2025-02-06 00:05:00
325,purchase,2025-02-06 00:10:00
325,view,2025-03-05 00:00:00
325,add_to_cart,2025-03-05 00:05:00
325,purchase,2025-03-05 00:10:00
326,view,2025-02-08 00:00:00
326,add_to_cart,2025-02-08 00:05:00
326,purchase,2025-02-08 00:10:00
326,view,2025-02-26 00:00:00
326,add_to_cart,2025-02-26 00:05:00
326,purchase,2025-02-26 00:10:00
326,view,2025-02-15 00:00:00
326,view,2025-03-01 00:00:00
326,add_to_cart,2025-03-01 00:05:00
327,view,2025-02-05 00:00:00
327,add_to_cart,2025-02-05 00:05:00
327,purchase,2025-02-05 00:10:00
328,view,2025-01-30 00:00:00
328,add_to_cart,2025-01-30 00:05:00
328,purchase,2025-01-30 00:10:00
328,view,2025-02-24 00:00:00
329,view,2025-01-10 00:00:00
329,add_to_cart,2025-01-10 00:05:00
329,view,2025-03-30 00:00:00
329,view,2025-02-13 00:00:00
329,add_to_cart,2025-02-13 00:05:00
329,view,2025-03-25 00:00:00
330,view,2025-02-26 00:00:00
330,add_to_cart,2025-02-26 00:05:00
330,purchase,2025-02-26 00:10:00
330,view,2025-01-07 00:00:00
330,add_to_cart,2025-01-07 00:05:00
330,purchase,2025-01-07 00:10:00
330,view,2025-02-01 00:00:00
331,view,2025-03-29 00:00:00
331,add_to_cart,2025-03-29 00:05:00
331,view,2025-02-11 00:00:00
331,view,2025-01-14 00:00:00
331,view,2025-02-27 00:00:00
332,view,2025-01-03 00:00:00
333,view,2025-03-29 00:00:00
333,add_to_cart,2025-03-29 00:05:00
333,purchase,2025-03-29 00:10:00
334,view,2025-01-12 00:00:00
334,add_to_cart,2025-01-12 00:05:00
334,purchase,2025-01-12 00:10:00
335,view,2025-03-09 00:00:00
335,add_to_cart,2025-03-09 00:05:00
335,purchase,2025-03-09 00:10:00
335,view,2025-03-27 00:00:00
335,add_to_cart,2025-03-27 00:05:00
336,view,2025-03-02 00:00:00
337,view,2025-02-12 00:00:00
337,add_to_cart,2025-02-12 00:05:00
337,view,2025-01-17 00:00:00
338,view,2025-03-11 00:00:00
338,view,2025-03-15 00:00:00
338,add_to_cart,2025-03-15 00:05:00
339,view,2025-02-26 00:00:00
339,view,2025-01-16 00:00:00
339,add_to_cart,2025-01-16 00:05:00
339,view,2025-03-27 00:00:00
339,add_to_cart,2025-03-27 00:05:00
339,view,2025-02-07 00:00:00
340,view,2025-03-05 00:00:00
340,view,2025-02-18 00:00:00
340,add_to_cart,2025-02-18 00:05:00
340,purchase,2025-02-18 00:10:00
341,view,2025-01-26 00:00:00
341,add_to_cart,2025-01-26 00:05:00
341,view,2025-03-27 00:00:00
341,add_to_cart,2025-03-27 00:05:00
341,purchase,2025-03-27 00:10:00
341,view,2025-03-20 00:00:00
341,view,2025-01-14 00:00:00
341,add_to_cart,2025-01-14 00:05:00
341,purchase,2025-01-14 00:10:00
342,view,2025-01-28 00:00:00
342,view,2025-03-04 00:00:00
342,add_to_cart,2025-03-04 00:05:00
342,purchase,2025-03-04 00:10:00
343,view,2025-03-13 00:00:00
343,add_to_cart,2025-03-13 00:05:00
343,purchase,2025-03-13 00:10:00
343,view,2025-01-06 00:00:00
343,add_to_cart,2025-01-06 00:05:00
343,purchase,2025-01-06 00:10:00
343,view,2025-02-19 00:00:00
343,add_to_cart,2025-02-19 00:05:00
343,purchase,2025-02-19 00:10:00
344,view,2025-01-12 00:00:00
344,add_to_cart,2025-01-12 00:05:00
344,purchase,2025-01-12 00:10:00
344,view,2025-02-10 00:00:00
344,add_to_cart,2025-02-10 00:05:00
344,view,2025-02-24 00:00:00
345,view,2025-02-17 00:00:00
345,view,2025-03-23 00:00:00
345,add_to_cart,2025-03-23 00:05:00
345,view,2025-01-12 00:00:00
345,add_to_cart,2025-01-12 00:05:00
346,view,2025-01-03 00:00:00
347,view,2025-02-09 00:00:00
347,add_to_cart,2025-02-09 00:05:00
347,view,2025-01-08 00:00:00
347,view,2025-02-17 00:00:00
347,add_to_cart,2025-02-17 00:05:00
347,purchase,2025-02-17 00:10:00
348,view,2025-01-19 00:00:00
348,view,2025-01-12 00:00:00
349,view,2025-01-16 00:00:00
349,view,2025-01-21 00:00:00
349,view,2025-02-03 00:00:00
349,add_to_cart,2025-02-03 00:05:00
350,view,2025-02-28 00:00:00
350,add_to_cart,2025-02-28 00:05:00
350,purchase,2025-02-28 00:10:00
350,view,2025-01-25 00:00:00
350,add_to_cart,2025-01-25 00:05:00
350,purchase,2025-01-25 00:10:00
350,view,2025-01-20 00:00:00
351,view,2025-01-05 00:00:00
351,view,2025-01-09 00:00:00
352,view,2025-01-06 00:00:00
352,view,2025-02-13 00:00:00
353,view,2025-02-16 00:00:00
353,view,2025-03-14 00:00:00
353,add_to_cart,2025-03-14 00:05:00
353,purchase,2025-03-14 00:10:00
354,view,2025-03-17 00:00:00
354,add_to_cart,2025-03-17 00:05:00
354,purchase,2025-03-17 00:10:00
354,view,2025-01-21 00:00:00
354,add_to_cart,2025-01-21 00:05:00
354,purchase,2025-01-21 00:10:00
354,view,2025-02-02 00:00:00
354,add_to_cart,2025-02-02 00:05:00
354,purchase,2025-02-02 00:10:00
355,view,2025-02-20 00:00:00
355,add_to_cart,2025-02-20 00:05:00
356,view,2025-01-23 00:00:00
357,view,2025-01-17 00:00:00
357,view,2025-01-11 00:00:00
358,view,2025-02-04 00:00:00
358,add_to_cart,2025-02-04 00:05:00
358,view,2025-02-03 00:00:00
358,add_to_cart,2025-02-03 00:05:00
358,view,2025-01-28 00:00:00
359,view,2025-03-14 00:00:00
359,view,2025-01-01 00:00:00
360,view,2025-03-04 00:00:00
360,add_to_cart,2025-03-04 00:05:00
360,view,2025-02-16 00:00:00
360,add_to_cart,2025-02-16 00:05:00
360,purchase,2025-02-16 00:10:00
360,view,2025-02-26 00:00:00
360,add_to_cart,2025-02-26 00:05:00
361,view,2025-03-17 00:00:00
361,add_to_cart,2025-03-17 00:05:00
361,view,2025-03-18 00:00:00
362,view,2025-01-06 00:00:00
362,view,2025-01-23 00:00:00
362,add_to_cart,2025-01-23 00:05:00
362,purchase,2025-01-23 00:10:00
362,view,2025-02-15 00:00:00
362,add_to_cart,2025-02-15 00:05:00
363,view,2025-03-03 00:00:00
363,add_to_cart,2025-03-03 00:05:00
363,view,2025-03-19 00:00:00
363,add_to_cart,2025-03-19 00:05:00
363,purchase,2025-03-19 00:10:00
363,view,2025-02-09 00:00:00
363,view,2025-01-26 00:00:00
364,view,2025-02-17 00:00:00
364,view,2025-02-20 00:00:00
365,view,2025-03-14 00:00:00
365,view,2025-02-14 00:00:00
365,view,2025-03-04 00:00:00
365,add_to_cart,2025-03-04 00:05:00
366,view,2025-01-19 00:00:00
367,view,2025-02-07 00:00:00
367,add_to_cart,2025-02-07 00:05:00
367,purchase,2025-02-07 00:10:00
367,view,2025-03-22 00:00:00
367,add_to_cart,2025-03-22 00:05:00
367,purchase,2025-03-22 00:10:00
368,view,2025-02-21 00:00:00
368,add_to_cart,2025-02-21 00:05:00
368,view,2025-02-28 00:00:00
368,view,2025-02-10 00:00:00
368,add_to_cart,2025-02-10 00:05:00
368,view,2025-01-08 00:00:00
369,view,2025-03-27 00:00:00
370,view,2025-02-24 00:00:00
370,add_to_cart,2025-02-24 00:05:00
370,view,2025-02-17 00:00:00
370,add_to_cart,2025-02-17 00:05:00
370,view,2025-03-05 00:00:00
371,view,2025-01-21 00:00:00
371,add_to_cart,2025-01-21 00:05:00
372,view,2025-02-13 00:00:00
372,add_to_cart,2025-02-13 00:05:00
372,purchase,2025-02-13 00:10:00
372,view,2025-03-02 00:00:00
372,add_to_cart,2025-03-02 00:05:00
372,view,2025-03-29 00:00:00
373,view,2025-02-14 00:00:00
373,view,2025-02-09 00:00:00
373,add_to_cart,2025-02-09 00:05:00
373,purchase,2025-02-09 00:10:00
373,view,2025-02-16 00:00:00
373,add_to_cart,2025-02-16 00:05:00
373,purchase,2025-02-16 00:10:00
373,view,2025-02-21 00:00:00
373,add_to_cart,2025-02-21 00:05:00
374,view,2025-02-07 00:00:00
374,add_to_cart,2025-02-07 00:05:00
374,view,2025-01-04 00:00:00
374,view,2025-01-28 00:00:00
374,add_to_cart,2025-01-28 00:05:00
375,view,2025-03-27 00:00:00
375,add_to_cart,2025-03-27 00:05:00
375,purchase,2025-03-27 00:10:00
375,view,2025-02-24 00:00:00
375,view,2025-03-13 00:00:00
376,view,2025-03-27 00:00:00
376,add_to_cart,2025-03-27 00:05:00
376,purchase,2025-03-27 00:10:00
376,view,2025-01-12 00:00:00
377,view,2025-01-08 00:00:00
377,add_to_cart,2025-01-08 00:05:00
377,purchase,2025-01-08 00:10:00
377,view,2025-02-26 00:00:00
377,add_to_cart,2025-02-26 00:05:00
377,purchase,2025-02-26 00:10:00
377,view,2025-02-09 00:00:00
377,add_to_cart,2025-02-09 00:05:00
377,purchase,2025-02-09 00:10:00
378,view,2025-02-25 00:00:00
378,add_to_cart,2025-02-25 00:05:00
378,view,2025-02-18 00:00:00
378,add_to_cart,2025-02-18 00:05:00
378,purchase,2025-02-18 00:10:00
378,view,2025-02-12 00:00:00
378,view,2025-03-31 00:00:00
378,add_to_cart,2025-03-31 00:05:00
378,purchase,2025-03-31 00:10:00
379,view,2025-03-03 00:00:00
379,add_to_cart,2025-03-03 00:05:00
379,purchase,2025-03-03 00:10:00
379,view,2025-01-09 00:00:00
379,view,2025-02-18 00:00:00
379,view,2025-03-29 00:00:00
379,add_to_cart,2025-03-29 00:05:00
380,view,2025-02-10 00:00:00
380,add_to_cart,2025-02-10 00:05:00
380,view,2025-01-19 00:00:00
380,add_to_cart,2025-01-19 00:05:00
380,view,2025-02-14 00:00:00
380,add_to_cart,2025-02-14 00:05:00
380,purchase,2025-02-14 00:10:00
381,view,2025-03-13 00:00:00
381,view,2025-01-12 00:00:00
381,view,2025-02-02 00:00:00
381,view,2025-03-10 00:00:00
381,add_to_cart,2025-03-10 00:05:00
382,view,2025-01-30 00:00:00
382,add_to_cart,2025-01-30 00:05:00
382,purchase,2025-01-30 00:10:00
382,view,2025-02-16 00:00:00
382,view,2025-01-18 00:00:00
382,add_to_cart,2025-01-18 00:05:00
382,purchase,2025-01-18 00:10:00
383,view,2025-02-05 00:00:00
383,add_to_cart,2025-02-05 00:05:00
383,purchase,2025-02-05 00:10:00
383,view,2025-01-28 00:00:00
383,add_to_cart,2025-01-28 00:05:00
383,view,2025-03-17 00:00:00
383,add_to_cart,2025-03-17 00:05:00
383,purchase,2025-03-17 00:10:00
384,view,2025-01-02 00:00:00
384,view,2025-03-15 00:00:00
384,add_to_cart,2025-03-15 00:05:00
384,view,2025-01-10 00:00:00
384,add_to_cart,2025-01-10 00:05:00
384,purchase,2025-01-10 00:10:00
385,view,2025-02-08 00:00:00
386,view,2025-03-11 00:00:00
386,add_to_cart,2025-03-11 00:05:00
386,view,2025-02-07 00:00:00
386,view,2025-02-09 00:00:00
386,view,2025-02-10 00:00:00
386,add_to_cart,2025-02-10 00:05:00
386,purchase,2025-02-10 00:10:00
387,view,2025-02-24 00:00:00
387,add_to_cart,2025-02-24 00:05:00
387,purchase,2025-02-24 00:10:00
388,view,2025-03-03 00:00:00
388,add_to_cart,2025-03-03 00:05:00
388,purchase,2025-03-03 00:10:00
389,view,2025-01-24 00:00:00
389,view,2025-01-28 00:00:00
389,add_to_cart,2025-01-28 00:05:00
389,view,2025-02-05 00:00:00
390,view,2025-03-14 00:00:00
390,add_to_cart,2025-03-14 00:05:00
390,view,2025-03-01 00:00:00
390,add_to_cart,2025-03-01 00:05:00
390,purchase,2025-03-01 00:10:00
390,view,2025-03-08 00:00:00
391,view,2025-02-10 00:00:00
391,add_to_cart,2025-02-10 00:05:00
391,purchase,2025-02-10 00:10:00
391,view,2025-02-17 00:00:00
391,add_to_cart,2025-02-17 00:05:00
391,purchase,2025-02-17 00:10:00
391,view,2025-02-02 00:00:00
391,add_to_cart,2025-02-02 00:05:00
392,view,2025-02-06 00:00:00
392,view,2025-02-06 00:00:00
392,view,2025-03-06 00:00:00
392,view,2025-01-19 00:00:00
392,add_to_cart,2025-01-19 00:05:00
393,view,2025-02-04 00:00:00
393,add_to_cart,2025-02-04 00:05:00
393,purchase,2025-02-04 00:10:00
393,view,2025-01-11 00:00:00
393,add_to_cart,2025-01-11 00:05:00
393,view,2025-03-10 00:00:00
393,add_to_cart,2025-03-10 00:05:00
393,view,2025-02-25 00:00:00
394,view,2025-01-31 00:00:00
395,view,2025-02-19 00:00:00
395,add_to_cart,2025-02-19 00:05:00
395,purchase,2025-02-19 00:10:00
396,view,2025-03-08 00:00:00
396,view,2025-01-04 00:00:00
396,add_to_cart,2025-01-04 00:05:00
396,purchase,2025-01-04 00:10:00
396,view,2025-03-05 00:00:00
396,add_to_cart,2025-03-05 00:05:00
396,purchase,2025-03-05 00:10:00
397,view,2025-02-28 00:00:00
397,add_to_cart,2025-02-28 00:05:00
397,purchase,2025-02-28 00:10:00
397,view,2025-02-11 00:00:00
398,view,2025-02-06 00:00:00
399,view,2025-02-04 00:00:00
400,view,2025-01-18 00:00:00
400,view,2025-01-29 00:00:00
400,add_to_cart,2025-01-29 00:05:00
400,view,2025-01-17 00:00:00
400,add_to_cart,2025-01-17 00:05:00
400,purchase,2025-01-17 00:10:00
400,view,2025-03-09 00:00:00
401,view,2025-02-18 00:00:00
401,add_to_cart,2025-02-18 00:05:00
401,purchase,2025-02-18 00:10:00
402,view,2025-03-28 00:00:00
402,add_to_cart,2025-03-28 00:05:00
402,purchase,2025-03-28 00:10:00
403,view,2025-02-20 00:00:00
403,add_to_cart,2025-02-20 00:05:00
403,view,2025-01-21 00:00:00
403,view,2025-03-09 00:00:00
403,add_to_cart,2025-03-09 00:05:00
403,view,2025-01-24 00:00:00
404,view,2025-01-11 00:00:00
404,add_to_cart,2025-01-11 00:05:00
405,view,2025-03-23 00:00:00
405,view,2025-01-24 00:00:00
405,view,2025-02-06 00:00:00
406,view,2025-01-28 00:00:00
406,view,2025-02-05 00:00:00
406,view,2025-03-05 00:00:00
406,add_to_cart,2025-03-05 00:05:00
406,view,2025-02-23 00:00:00
406,add_to_cart,2025-02-23 00:05:00
407,view,2025-01-11 00:00:00
407,add_to_cart,2025-01-11 00:05:00
407,purchase,2025-01-11 00:10:00
408,view,2025-01-20 00:00:00
408,add_to_cart,2025-01-20 00:05:00
408,purchase,2025-01-20 00:10:00
408,view,2025-03-11 00:00:00
408,add_to_cart,2025-03-11 00:05:00
408,purchase,2025-03-11 00:10:00
408,view,2025-02-17 00:00:00
408,add_to_cart,2025-02-17 00:05:00
408,view,2025-03-11 00:00:00
408,add_to_cart,2025-03-11 00:05:00
408,purchase,2025-03-11 00:10:00
409,view,2025-03-16 00:00:00
409,add_to_cart,2025-03-16 00:05:00
409,view,2025-01-15 00:00:00
410,view,2025-03-22 00:00:00
410,view,2025-03-19 00:00:00
410,add_to_cart,2025-03-19 00:05:00
410,purchase,2025-03-19 00:10:00
410,view,2025-02-16 00:00:00
410,view,2025-01-04 00:00:00
411,view,2025-02-17 00:00:00
411,view,2025-03-13 00:00:00
411,view,2025-03-22 00:00:00
412,view,2025-03-13 00:00:00
412,add_to_cart,2025-03-13 00:05:00
413,view,2025-03-10 00:00:00
413,add_to_cart,2025-03-10 00:05:00
413,view,2025-01-31 00:00:00
413,view,2025-01-22 00:00:00
414,view,2025-03-08 00:00:00
414,view,2025-02-11 00:00:00
414,view,2025-01-21 00:00:00
414,add_to_cart,2025-01-21 00:05:00
415,view,2025-02-04 00:00:00
415,add_to_cart,2025-02-04 00:05:00
415,view,2025-02-16 00:00:00
415,view,2025-01-08 00:00:00
415,view,2025-03-12 00:00:00
415,add_to_cart,2025-03-12 00:05:00
415,purchase,2025-03-12 00:10:00
416,view,2025-01-25 00:00:00
416,view,2025-01-15 00:00:00
416,add_to_cart,2025-01-15 00:05:00
416,view,2025-01-05 00:00:00
416,view,2025-03-14 00:00:00
417,view,2025-02-04 00:00:00
417,view,2025-01-23 00:00:00
417,add_to_cart,2025-01-23 00:05:00
417,purchase,2025-01-23 00:10:00
417,view,2025-01-04 00:00:00
417,add_to_cart,2025-01-04 00:05:00
417,purchase,2025-01-04 00:10:00
417,view,2025-03-13 00:00:00
417,add_to_cart,2025-03-13 00:05:00
418,view,2025-02-03 00:00:00
418,add_to_cart,2025-02-03 00:05:00
418,purchase,2025-02-03 00:10:00
419,view,2025-01-16 00:00:00
419,view,2025-01-17 00:00:00
419,add_to_cart,2025-01-17 00:05:00
420,view,2025-03-01 00:00:00
420,add_to_cart,2025-03-01 00:05:00
420,view,2025-02-25 00:00:00
420,add_to_cart,2025-02-25 00:05:00
420,purchase,2025-02-25 00:10:00
420,view,2025-02-08 00:00:00
420,add_to_cart,2025-02-08 00:05:00
420,purchase,2025-02-08 00:10:00
420,view,2025-02-24 00:00:00
421,view,2025-02-22 00:00:00
422,view,2025-01-30 00:00:00
423,view,2025-01-19 00:00:00
423,add_to_cart,2025-01-19 00:05:00
424,view,2025-01-31 00:00:00
424,view,2025-01-23 00:00:00
425,view,2025-01-10 00:00:00
425,view,2025-02-23 00:00:00
425,add_to_cart,2025-02-23 00:05:00
426,view,2025-02-19 00:00:00
426,view,2025-02-22 00:00:00
427,view,2025-01-30 00:00:00
427,add_to_cart,2025-01-30 00:05:00
427,purchase,2025-01-30 00:10:00
427,view,2025-03-28 00:00:00
428,view,2025-01-31 00:00:00
428,add_to_cart,2025-01-31 00:05:00
428,purchase,2025-01-31 00:10:00
428,view,2025-03-16 00:00:00
428,add_to_cart,2025-03-16 00:05:00
428,purchase,2025-03-16 00:10:00
428,view,2025-02-26 00:00:00
428,add_to_cart,2025-02-26 00:05:00
428,view,2025-01-26 00:00:00
429,view,2025-02-07 00:00:00
429,view,2025-03-29 00:00:00
430,view,2025-01-06 00:00:00
430,add_to_cart,2025-01-06 00:05:00
431,view,2025-01-28 00:00:00
431,add_to_cart,2025-01-28 00:05:00
431,purchase,2025-01-28 00:10:00
432,view,2025-01-09 00:00:00
432,view,2025-02-13 00:00:00
432,add_to_cart,2025-02-13 00:05:00
432,view,2025-02-20 00:00:00
432,add_to_cart,2025-02-20 00:05:00
433,view,2025-02-25 00:00:00
433,view,2025-02-06 00:00:00
433,add_to_cart,2025-02-06 00:05:00
433,purchase,2025-02-06 00:10:00
433,view,2025-01-29 00:00:00
433,add_to_cart,2025-01-29 00:05:00
433,view,2025-02-24 00:00:00
433,add_to_cart,2025-02-24 00:05:00
433,purchase,2025-02-24 00:10:00
434,view,2025-01-13 00:00:00
434,add_to_cart,2025-01-13 00:05:00
434,purchase,2025-01-13 00:10:00
435,view,2025-01-17 00:00:00
435,view,2025-01-25 00:00:00
435,add_to_cart,2025-01-25 00:05:00
435,purchase,2025-01-25 00:10:00
435,view,2025-03-24 00:00:00
436,view,2025-02-11 00:00:00
436,add_to_cart,2025-02-11 00:05:00
436,purchase,2025-02-11 00:10:00
437,view,2025-01-28 00:00:00
437,view,2025-02-16 00:00:00
437,add_to_cart,2025-02-16 00:05:00
437,view,2025-03-12 00:00:00
438,view,2025-01-13 00:00:00
438,add_to_cart,2025-01-13 00:05:00
438,view,2025-01-09 00:00:00
439,view,2025-02-23 00:00:00
439,view,2025-03-28 00:00:00
439,view,2025-02-03 00:00:00
439,add_to_cart,2025-02-03 00:05:00
440,view,2025-01-18 00:00:00
440,view,2025-03-11 00:00:00
440,view,2025-01-21 00:00:00
440,view,2025-02-23 00:00:00
440,add_to_cart,2025-02-23 00:05:00
441,view,2025-01-13 00:00:00
441,add_to_cart,2025-01-13 00:05:00
441,purchase,2025-01-13 00:10:00
441,view,2025-01-10 00:00:00
441,add_to_cart,2025-01-10 00:05:00
441,purchase,2025-01-10 00:10:00
441,view,2025-03-15 00:00:00
441,add_to_cart,2025-03-15 00:05:00
441,purchase,2025-03-15 00:10:00
441,view,2025-01-24 00:00:00
442,view,2025-01-14 00:00:00
442,add_to_cart,2025-01-14 00:05:00
442,purchase,2025-01-14 00:10:00
443,view,2025-01-17 00:00:00
443,view,2025-01-24 00:00:00
443,view,2025-01-25 00:00:00
444,view,2025-03-31 00:00:00
444,view,2025-03-25 00:00:00
444,add_to_cart,2025-03-25 00:05:00
444,purchase,2025-03-25 00:10:00
444,view,2025-03-22 00:00:00
444,add_to_cart,2025-03-22 00:05:00
444,view,2025-01-27 00:00:00
444,add_to_cart,2025-01-27 00:05:00
444,purchase,2025-01-27 00:10:00
445,view,2025-02-03 00:00:00
445,add_to_cart,2025-02-03 00:05:00
445,purchase,2025-02-03 00:10:00
445,view,2025-01-25 00:00:00
445,view,2025-02-27 00:00:00
445,add_to_cart,2025-02-27 00:05:00
446,view,2025-01-16 00:00:00
446,add_to_cart,2025-01-16 00:05:00
446,view,2025-03-18 00:00:00
446,view,2025-02-20 00:00:00
446,add_to_cart,2025-02-20 00:05:00
446,view,2025-03-28 00:00:00
447,view,2025-02-14 00:00:00
447,add_to_cart,2025-02-14 00:05:00
447,purchase,2025-02-14 00:10:00
447,view,2025-03-08 00:00:00
447,view,2025-01-29 00:00:00
447,add_to_cart,2025-01-29 00:05:00
447,purchase,2025-01-29 00:10:00
447,view,2025-03-20 00:00:00
447,add_to_cart,2025-03-20 00:05:00
448,view,2025-03-31 00:00:00
448,view,2025-01-05 00:00:00
448,add_to_cart,2025-01-05 00:05:00
448,view,2025-03-16 00:00:00
448,view,2025-01-28 00:00:00
449,view,2025-02-28 00:00:00
450,view,2025-02-26 00:00:00
450,view,2025-01-10 00:00:00
450,add_to_cart,2025-01-10 00:05:00
450,purchase,2025-01-10 00:10:00
450,view,2025-03-18 00:00:00
451,view,2025-03-09 00:00:00
451,add_to_cart,2025-03-09 00:05:00
451,view,2025-03-06 00:00:00
451,add_to_cart,2025-03-06 00:05:00
451,view,2025-03-29 00:00:00
451,view,2025-02-26 00:00:00
452,view,2025-02-15 00:00:00
452,add_to_cart,2025-02-15 00:05:00
452,purchase,2025-02-15 00:10:00
453,view,2025-03-25 00:00:00
454,view,2025-02-23 00:00:00
454,add_to_cart,2025-02-23 00:05:00
454,purchase,2025-02-23 00:10:00
454,view,2025-01-15 00:00:00
454,add_to_cart,2025-01-15 00:05:00
454,view,2025-02-15 00:00:00
454,add_to_cart,2025-02-15 00:05:00
454,purchase,2025-02-15 00:10:00
455,view,2025-03-03 00:00:00
455,add_to_cart,2025-03-03 00:05:00
455,view,2025-01-13 00:00:00
455,add_to_cart,2025-01-13 00:05:00
456,view,2025-01-08 00:00:00
456,add_to_cart,2025-01-08 00:05:00
456,purchase,2025-01-08 00:10:00
456,view,2025-02-02 00:00:00
456,add_to_cart,2025-02-02 00:05:00
457,view,2025-01-11 00:00:00
457,add_to_cart,2025-01-11 00:05:00
457,view,2025-02-10 00:00:00
457,add_to_cart,2025-02-10 00:05:00
458,view,2025-02-25 00:00:00
458,view,2025-03-31 00:00:00
458,add_to_cart,2025-03-31 00:05:00
458,purchase,2025-03-31 00:10:00
458,view,2025-03-30 00:00:00
458,view,2025-03-28 00:00:00
458,add_to_cart,2025-03-28 00:05:00
459,view,2025-01-06 00:00:00
459,add_to_cart,2025-01-06 00:05:00
459,view,2025-02-28 00:00:00
459,add_to_cart,2025-02-28 00:05:00
460,view,2025-03-21 00:00:00
460,view,2025-01-08 00:00:00
460,add_to_cart,2025-01-08 00:05:00
460,purchase,2025-01-08 00:10:00
460,view,2025-03-06 00:00:00
460,add_to_cart,2025-03-06 00:05:00
461,view,2025-03-29 00:00:00
461,view,2025-03-27 00:00:00
461,view,2025-02-06 00:00:00
461,add_to_cart,2025-02-06 00:05:00
461,purchase,2025-02-06 00:10:00
461,view,2025-01-28 00:00:00
461,add_to_cart,2025-01-28 00:05:00
462,view,2025-02-11 00:00:00
462,add_to_cart,2025-02-11 00:05:00
462,view,2025-03-13 00:00:00
462,view,2025-01-22 00:00:00
462,add_to_cart,2025-01-22 00:05:00
462,purchase,2025-01-22 00:10:00
462,view,2025-03-08 00:00:00
463,view,2025-01-10 00:00:00
464,view,2025-01-27 00:00:00
464,view,2025-01-01 00:00:00
464,add_to_cart,2025-01-01 00:05:00
465,view,2025-03-08 00:00:00
465,add_to_cart,2025-03-08 00:05:00
466,view,2025-03-31 00:00:00
466,add_to_cart,2025-03-31 00:05:00
466,view,2025-03-25 00:00:00
466,add_to_cart,2025-03-25 00:05:00
466,purchase,2025-03-25 00:10:00
466,view,2025-03-06 00:00:00
466,add_to_cart,2025-03-06 00:05:00
466,purchase,2025-03-06 00:10:00
467,view,2025-01-20 00:00:00
467,add_to_cart,2025-01-20 00:05:00
468,view,2025-02-10 00:00:00
468,add_to_cart,2025-02-10 00:05:00
468,purchase,2025-02-10 00:10:00
468,view,2025-01-17 00:00:00
468,add_to_cart,2025-01-17 00:05:00
468,view,2025-02-10 00:00:00
469,view,2025-01-11 00:00:00
469,add_to_cart,2025-01-11 00:05:00
469,purchase,2025-01-11 00:10:00
470,view,2025-01-26 00:00:00
470,view,2025-03-01 00:00:00
470,add_to_cart,2025-03-01 00:05:00
470,view,2025-01-26 00:00:00
470,view,2025-01-21 00:00:00
471,view,2025-03-25 00:00:00
471,add_to_cart,2025-03-25 00:05:00
471,purchase,2025-03-25 00:10:00
471,view,2025-01-08 00:00:00
471,add_to_cart,2025-01-08 00:05:00
471,purchase,2025-01-08 00:10:00
471,view,2025-02-15 00:00:00
471,add_to_cart,2025-02-15 00:05:00
471,purchase,2025-02-15 00:10:00
472,view,2025-01-15 00:00:00
472,view,2025-01-01 00:00:00
472,add_to_cart,2025-01-01 00:05:00
472,view,2025-02-09 00:00:00
472,add_to_cart,2025-02-09 00:05:00
472,view,2025-01-24 00:00:00
472,add_to_cart,2025-01-24 00:05:00
473,view,2025-02-26 00:00:00
473,add_to_cart,2025-02-26 00:05:00
473,purchase,2025-02-26 00:10:00
473,view,2025-01-23 00:00:00
474,view,2025-02-22 00:00:00
474,view,2025-02-26 00:00:00
474,add_to_cart,2025-02-26 00:05:00
474,purchase,2025-02-26 00:10:00
474,view,2025-03-11 00:00:00
474,add_to_cart,2025-03-11 00:05:00
475,view,2025-02-07 00:00:00
475,add_to_cart,2025-02-07 00:05:00
475,purchase,2025-02-07 00:10:00
475,view,2025-02-20 00:00:00
475,add_to_cart,2025-02-20 00:05:00
475,purchase,2025-02-20 00:10:00
475,view,2025-03-17 00:00:00
475,add_to_cart,2025-03-17 00:05:00
476,view,2025-02-10 00:00:00
476,view,2025-03-28 00:00:00
476,view,2025-01-30 00:00:00
476,add_to_cart,2025-01-30 00:05:00
477,view,2025-02-20 00:00:00
477,add_to_cart,2025-02-20 00:05:00
477,purchase,2025-02-20 00:10:00
477,view,2025-02-16 00:00:00
477,view,2025-02-08 00:00:00
477,add_to_cart,2025-02-08 00:05:00
478,view,2025-01-21 00:00:00
478,add_to_cart,2025-01-21 00:05:00
478,purchase,2025-01-21 00:10:00
478,view,2025-01-31 00:00:00
479,view,2025-02-28 00:00:00
479,add_to_cart,2025-02-28 00:05:00
479,view,2025-03-22 00:00:00
479,view,2025-01-10 00:00:00
479,add_to_cart,2025-01-10 00:05:00
479,purchase,2025-01-10 00:10:00
479,view,2025-02-17 00:00:00
479,add_to_cart,2025-02-17 00:05:00
480,view,2025-03-06 00:00:00
481,view,2025-02-05 00:00:00
481,view,2025-03-29 00:00:00
481,add_to_cart,2025-03-29 00:05:00
481,purchase,2025-03-29 00:10:00
481,view,2025-02-08 00:00:00
481,add_to_cart,2025-02-08 00:05:00
482,view,2025-02-08 00:00:00
482,view,2025-02-26 00:00:00
482,add_to_cart,2025-02-26 00:05:00
482,view,2025-03-14 00:00:00
482,add_to_cart,2025-03-14 00:05:00
482,purchase,2025-03-14 00:10:00
483,view,2025-01-03 00:00:00
483,add_to_cart,2025-01-03 00:05:00
483,view,2025-02-16 00:00:00
483,add_to_cart,2025-02-16 00:05:00
483,view,2025-03-22 00:00:00
483,add_to_cart,2025-03-22 00:05:00
483,purchase,2025-03-22 00:10:00
483,view,2025-02-01 00:00:00
483,add_to_cart,2025-02-01 00:05:00
484,view,2025-03-24 00:00:00
485,view,2025-03-19 00:00:00
485,view,2025-01-14 00:00:00
485,view,2025-01-04 00:00:00
485,add_to_cart,2025-01-04 00:05:00
486,view,2025-02-18 00:00:00
486,add_to_cart,2025-02-18 00:05:00
486,purchase,2025-02-18 00:10:00
486,view,2025-03-10 00:00:00
487,view,2025-01-13 00:00:00
487,view,2025-03-03 00:00:00
487,add_to_cart,2025-03-03 00:05:00
487,purchase,2025-03-03 00:10:00
488,view,2025-02-12 00:00:00
488,view,2025-01-20 00:00:00
488,view,2025-02-13 00:00:00
488,add_to_cart,2025-02-13 00:05:00
489,view,2025-02-26 00:00:00
489,view,2025-01-07 00:00:00
489,add_to_cart,2025-01-07 00:05:00
489,view,2025-01-16 00:00:00
490,view,2025-03-23 00:00:00
490,add_to_cart,2025-03-23 00:05:00
490,purchase,2025-03-23 00:10:00
490,view,2025-01-12 00:00:00
490,add_to_cart,2025-01-12 00:05:00
490,purchase,2025-01-12 00:10:00
490,view,2025-01-27 00:00:00
490,add_to_cart,2025-01-27 00:05:00
491,view,2025-02-26 00:00:00
492,view,2025-02-28 00:00:00
492,add_to_cart,2025-02-28 00:05:00
492,purchase,2025-02-28 00:10:00
493,view,2025-01-19 00:00:00
494,view,2025-03-07 00:00:00
494,add_to_cart,2025-03-07 00:05:00
494,purchase,2025-03-07 00:10:00
494,view,2025-02-02 00:00:00
494,view,2025-02-23 00:00:00
495,view,2025-01-14 00:00:00
495,view,2025-02-23 00:00:00
495,view,2025-01-20 00:00:00
495,add_to_cart,2025-01-20 00:05:00
495,purchase,2025-01-20 00:10:00
496,view,2025-02-26 00:00:00
496,add_to_cart,2025-02-26 00:05:00
496,purchase,2025-02-26 00:10:00
496,view,2025-03-15 00:00:00
496,add_to_cart,2025-03-15 00:05:00
497,view,2025-01-28 00:00:00
497,add_to_cart,2025-01-28 00:05:00
498,view,2025-03-25 00:00:00
498,add_to_cart,2025-03-25 00:05:00
498,purchase,2025-03-25 00:10:00
498,view,2025-03-17 00:00:00
498,add_to_cart,2025-03-17 00:05:00
499,view,2025-03-30 00:00:00
499,view,2025-01-02 00:00:00
499,add_to_cart,2025-01-02 00:05:00
500,view,2025-01-26 00:00:00
500,view,2025-02-08 00:00:00
500,add_to_cart,2025-02-08 00:05:00
